id,label
20800,2.9884613e-12
20801,1.0
20802,1.0
20803,2.8513514e-14
20804,1.0
20805,0.9999998
20806,5.6049183e-11
20807,0.9999998
20808,0.9999996
20809,1.0
20810,0.9999999
20811,0.9999994
20812,0.020243298
20813,0.99999964
20814,1.0
20815,3.609914e-15
20816,6.312957e-14
20817,4.87629e-12
20818,1.0
20819,1.0536567e-12
20820,0.9999994
20821,0.9998311
20822,0.99999976
20823,0.9999957
20824,1.0
20825,3.8837186e-14
20826,0.999806
20827,2.4561246e-18
20828,6.217695e-17
20829,1.0
20830,8.370803e-08
20831,1.0
20832,1.3138056e-08
20833,7.878669e-12
20834,1.0
20835,6.632714e-14
20836,8.653307e-08
20837,1.0
20838,1.0
20839,3.9325388e-12
20840,1.0721236e-11
20841,3.0568405e-08
20842,0.99999994
20843,1.4347808e-14
20844,6.1246635e-13
20845,0.99999994
20846,2.7276515e-15
20847,2.122773e-12
20848,0.9999997
20849,0.99998474
20850,1.1785996e-09
20851,0.9999726
20852,3.2530937e-07
20853,0.9999971
20854,1.0
20855,4.920685e-13
20856,1.0
20857,1.4925863e-12
20858,2.1456942e-13
20859,2.7239645e-12
20860,1.0
20861,0.9999938
20862,1.0
20863,4.7208555e-16
20864,1.0
20865,1.0
20866,1.0
20867,1.0
20868,0.9999998
20869,1.3252542e-16
20870,1.0
20871,1.0
20872,0.99999994
20873,1.0633842e-08
20874,1.5884128e-09
20875,0.00015931715
20876,2.47712e-12
20877,5.6093158e-14
20878,0.99999696
20879,1.9750222e-16
20880,6.160284e-15
20881,1.0
20882,0.00012063561
20883,0.9999994
20884,1.0
20885,1.0
20886,3.1198369e-12
20887,1.7941194e-12
20888,7.093214e-08
20889,2.266372e-11
20890,0.99992573
20891,7.852625e-12
20892,1.1379015e-13
20893,1.0
20894,1.0
20895,1.22772e-14
20896,1.0859164e-15
20897,6.897004e-08
20898,0.99999964
20899,1.0
20900,0.9999985
20901,0.99721414
20902,1.2475709e-09
20903,1.6513328e-16
20904,3.447823e-16
20905,5.9231496e-14
20906,0.99999857
20907,1.6192778e-21
20908,0.99999994
20909,1.0
20910,0.99998236
20911,0.00047348137
20912,1.7725958e-15
20913,1.9755813e-11
20914,3.66261e-11
20915,8.2201297e-16
20916,9.701698e-15
20917,1.0
20918,5.6437184e-06
20919,1.0
20920,0.80846024
20921,0.002568391
20922,1.0
20923,2.3462958e-06
20924,6.893766e-13
20925,1.0
20926,0.99999994
20927,4.517636e-06
20928,0.99999714
20929,4.3566664e-07
20930,0.9999984
20931,1.7434108e-05
20932,1.0
20933,3.7508142e-13
20934,9.148399e-08
20935,2.3271988e-12
20936,2.1265643e-10
20937,0.9999999
20938,0.99999845
20939,1.0
20940,1.0
20941,2.2478097e-10
20942,0.9999999
20943,0.9999999
20944,1.0
20945,2.3019522e-11
20946,1.0
20947,1.0
20948,3.714389e-11
20949,3.7861483e-07
20950,1.0
20951,4.1809385e-06
20952,7.059828e-14
20953,1.0
20954,1.3965914e-14
20955,0.99999994
20956,1.7330949e-05
20957,0.99999726
20958,2.6998442e-16
20959,1.0
20960,0.9999999
20961,0.99999994
20962,0.9999896
20963,0.99999994
20964,0.0013502655
20965,0.9976595
20966,1.2195341e-12
20967,0.99994004
20968,1.0
20969,2.4029238e-15
20970,0.00043657338
20971,3.6724716e-12
20972,4.0512155e-12
20973,0.99999976
20974,2.1812298e-10
20975,0.00013209424
20976,3.200194e-12
20977,2.436711e-06
20978,1.4324044e-18
20979,8.8140615e-14
20980,7.1808084e-09
20981,2.8028117e-14
20982,1.7976544e-12
20983,0.9999986
20984,1.3583084e-05
20985,1.0
20986,0.9999991
20987,5.682225e-15
20988,0.9999997
20989,5.752119e-09
20990,1.0
20991,5.327679e-09
20992,2.3522146e-13
20993,6.920249e-12
20994,0.9999938
20995,0.9999999
20996,0.99999964
20997,0.9999993
20998,1.0
20999,0.0002234021
21000,2.7582238e-16
21001,1.0
21002,8.887272e-11
21003,1.0
21004,1.0
21005,1.0
21006,1.0
21007,1.0
21008,3.091756e-10
21009,7.77802e-05
21010,6.362443e-11
21011,0.99999934
21012,1.0
21013,3.965861e-09
21014,0.99877805
21015,1.0
21016,0.99999994
21017,1.820829e-07
21018,6.175776e-08
21019,0.9999984
21020,3.3621793e-11
21021,0.9999164
21022,1.0843068e-10
21023,5.7267812e-11
21024,1.0
21025,1.0
21026,1.0
21027,0.9999999
21028,1.3452202e-06
21029,2.8292428e-14
21030,6.6403945e-11
21031,4.5955386e-14
21032,1.0
21033,0.9999992
21034,1.0
21035,1.0
21036,1.0
21037,0.9999997
21038,0.99999994
21039,4.559461e-15
21040,0.9999999
21041,0.9999966
21042,3.2882058e-11
21043,1.0
21044,1.0
21045,3.061285e-05
21046,1.2835182e-08
21047,1.0
21048,1.2967217e-09
21049,0.99999946
21050,1.0
21051,1.0
21052,0.99999994
21053,6.588527e-12
21054,1.0
21055,1.7354999e-13
21056,2.466142e-05
21057,0.9999727
21058,1.0
21059,1.0
21060,1.37408085e-08
21061,1.0
21062,1.0
21063,6.082076e-14
21064,1.0
21065,1.0
21066,0.99999934
21067,1.0
21068,9.383705e-13
21069,0.99999976
21070,2.5369395e-10
21071,1.3275876e-11
21072,1.0
21073,0.9999983
21074,2.1155145e-07
21075,4.654362e-09
21076,1.232008e-14
21077,1.4763572e-08
21078,3.296767e-10
21079,1.0
21080,0.9999998
21081,1.0
21082,1.1129673e-05
21083,0.9999999
21084,0.9999999
21085,9.0503654e-14
21086,5.206559e-12
21087,0.9999957
21088,9.042201e-06
21089,1.0
21090,3.186073e-14
21091,0.99999994
21092,1.0822514e-09
21093,1.0
21094,1.0
21095,0.99999744
21096,1.0
21097,1.0771787e-10
21098,0.99999994
21099,1.7306026e-15
21100,2.1073948e-12
21101,1.0619656e-19
21102,0.99999994
21103,0.99999994
21104,0.99963003
21105,9.560887e-08
21106,0.9999988
21107,1.0
21108,1.196408e-06
21109,2.9374516e-07
21110,1.3537886e-13
21111,0.99998486
21112,0.9999836
21113,4.741784e-12
21114,6.472518e-15
21115,0.99885803
21116,2.4807656e-12
21117,0.99999756
21118,1.2382859e-11
21119,1.0
21120,2.2669523e-10
21121,5.610101e-09
21122,5.6370544e-13
21123,1.0
21124,1.1187046e-11
21125,0.99999994
21126,1.0
21127,1.126572e-05
21128,3.2555412e-16
21129,1.0
21130,1.0
21131,2.2683322e-05
21132,1.0
21133,1.0
21134,1.0934934e-09
21135,0.99999976
21136,1.0
21137,5.1739793e-12
21138,4.323137e-12
21139,4.274743e-05
21140,0.9996643
21141,3.199201e-11
21142,1.0
21143,4.3719208e-08
21144,1.0
21145,1.1156787e-15
21146,0.0019144618
21147,0.9999999
21148,1.6716519e-13
21149,1.0
21150,3.2244061e-13
21151,1.5378674e-12
21152,1.0
21153,1.0
21154,3.910101e-12
21155,0.99992895
21156,0.9999952
21157,0.9751088
21158,0.0065298574
21159,1.2686113e-11
21160,0.9999998
21161,9.749389e-11
21162,0.18941307
21163,1.0
21164,0.9999748
21165,2.9143416e-17
21166,1.0
21167,0.9999999
21168,1.5952e-11
21169,2.7884654e-12
21170,2.3329674e-12
21171,0.99999994
21172,2.0355477e-05
21173,0.00020586111
21174,1.0
21175,1.4993407e-15
21176,0.9999999
21177,0.99999946
21178,8.740975e-12
21179,9.686147e-11
21180,2.1312323e-08
21181,0.9999997
21182,1.0
21183,5.4721594e-10
21184,0.08367432
21185,0.9995494
21186,0.00096923386
21187,0.9999992
21188,7.826632e-17
21189,6.208713e-09
21190,0.9999999
21191,1.0
21192,4.8415274e-07
21193,0.9999997
21194,1.3194308e-08
21195,1.0
21196,0.9999999
21197,3.512298e-17
21198,8.517533e-10
21199,2.1768076e-10
21200,3.5599093e-08
21201,6.6172284e-08
21202,9.590247e-10
21203,0.0018698714
21204,1.0
21205,1.0907573e-15
21206,4.981708e-07
21207,0.9999994
21208,1.760571e-14
21209,7.145137e-06
21210,1.0
21211,6.659862e-12
21212,3.1016376e-10
21213,1.1443255e-11
21214,7.633292e-06
21215,1.095636e-12
21216,1.2592157e-09
21217,3.37834e-11
21218,1.0
21219,8.650335e-05
21220,2.275661e-09
21221,7.682553e-15
21222,0.99999976
21223,1.1843853e-11
21224,1.0
21225,1.0
21226,2.5422736e-13
21227,0.99999404
21228,1.09156535e-14
21229,2.3102327e-09
21230,7.021146e-08
21231,0.9968132
21232,1.2408365e-12
21233,1.0
21234,7.035698e-05
21235,6.4572865e-12
21236,1.7222558e-14
21237,0.99999994
21238,0.99918026
21239,2.0181554e-09
21240,1.0
21241,2.7122903e-11
21242,0.9999988
21243,1.5179264e-06
21244,4.5256013e-15
21245,1.0
21246,8.94728e-14
21247,1.0
21248,1.3816256e-16
21249,9.095303e-11
21250,1.0
21251,1.0
21252,0.9999998
21253,1.0
21254,6.663864e-07
21255,0.012489452
21256,0.0026648527
21257,0.5944074
21258,0.999995
21259,1.0905503e-13
21260,8.619599e-09
21261,6.3292954e-10
21262,8.263873e-10
21263,2.0819147e-11
21264,3.6343212e-19
21265,4.0395376e-10
21266,3.5968635e-05
21267,9.990798e-11
21268,3.7821202e-10
21269,0.00010619104
21270,0.9999998
21271,3.650819e-13
21272,3.254171e-05
21273,1.4538601e-06
21274,1.0
21275,5.2277294e-10
21276,0.99999696
21277,1.0
21278,2.6570066e-10
21279,1.0
21280,0.9999983
21281,0.00020466374
21282,0.9999989
21283,4.6749435e-07
21284,3.6890946e-09
21285,3.7883856e-11
21286,1.0
21287,1.0
21288,1.7003446e-14
21289,3.5628134e-10
21290,2.3286134e-21
21291,2.7005792e-05
21292,1.7755303e-14
21293,1.0
21294,2.480931e-12
21295,4.6995467e-12
21296,2.0473196e-12
21297,0.99999994
21298,1.0
21299,1.0
21300,1.0
21301,6.66978e-15
21302,1.01496055e-13
21303,1.0
21304,0.9999992
21305,1.0
21306,3.670924e-08
21307,2.7112972e-11
21308,3.5109888e-06
21309,0.0012698137
21310,1.0
21311,1.0
21312,0.9999999
21313,6.367156e-14
21314,1.4923467e-13
21315,1.0
21316,3.6391463e-13
21317,1.7408277e-07
21318,1.2600855e-09
21319,2.4616685e-14
21320,0.0032173311
21321,1.8395433e-09
21322,0.9999999
21323,1.0
21324,3.0302575e-13
21325,1.0
21326,8.604677e-11
21327,1.0716902e-11
21328,0.9999999
21329,0.9999997
21330,1.0
21331,0.99999535
21332,2.981446e-13
21333,0.99999744
21334,1.0
21335,0.00012930122
21336,0.99999994
21337,2.7198268e-12
21338,1.0
21339,2.1573502e-08
21340,1.0
21341,1.0
21342,1.0
21343,0.002778444
21344,1.664591e-10
21345,0.9999966
21346,5.8179068e-15
21347,5.7959085e-12
21348,0.9999982
21349,2.0415279e-17
21350,1.8826683e-12
21351,0.99999964
21352,1.2933073e-06
21353,1.0
21354,1.0
21355,3.4212553e-05
21356,1.0
21357,4.0584607e-09
21358,4.0079303e-07
21359,0.99999994
21360,1.5745651e-12
21361,0.9999995
21362,6.2374372e-09
21363,1.1071605e-06
21364,0.9999935
21365,1.0
21366,0.002637227
21367,1.0
21368,0.020712273
21369,8.4669764e-11
21370,0.99999493
21371,9.489272e-12
21372,0.9999978
21373,1.2678698e-13
21374,1.5598085e-11
21375,5.9254173e-15
21376,0.019945543
21377,0.9999939
21378,3.7978197e-11
21379,1.0
21380,3.7995185e-09
21381,1.9916322e-09
21382,1.0
21383,0.99999994
21384,8.530998e-17
21385,0.9999939
21386,0.9998472
21387,1.0
21388,1.9419886e-13
21389,1.0
21390,0.9999987
21391,0.9999994
21392,7.17697e-07
21393,7.326579e-11
21394,5.9395457e-09
21395,3.6016607e-15
21396,2.6963445e-09
21397,2.0420731e-13
21398,1.9692672e-12
21399,5.144043e-17
21400,1.0
21401,0.00041992578
21402,0.9999974
21403,1.0
21404,6.338981e-11
21405,6.741734e-08
21406,4.3462992e-14
21407,0.99035275
21408,4.7061546e-13
21409,1.5186452e-14
21410,1.0
21411,0.9999992
21412,3.877039e-12
21413,1.9218719e-11
21414,5.6149547e-11
21415,0.9999998
21416,1.0
21417,0.0004734232
21418,0.00040967582
21419,0.9999996
21420,1.0
21421,5.166521e-13
21422,0.9999965
21423,9.017106e-15
21424,1.9789347e-10
21425,1.0269893e-09
21426,1.0
21427,2.3879676e-09
21428,1.0
21429,5.7484385e-11
21430,4.6137033e-05
21431,1.0
21432,7.641507e-14
21433,1.0
21434,6.5611136e-12
21435,0.0025242
21436,5.3269025e-05
21437,1.0
21438,1.7557731e-13
21439,1.0
21440,5.3444952e-12
21441,0.999995
21442,0.9999972
21443,0.99999994
21444,6.7101603e-13
21445,1.0
21446,1.0
21447,1.0906777e-12
21448,0.99989676
21449,0.9999981
21450,1.0
21451,0.99998254
21452,2.2696553e-11
21453,0.99975127
21454,3.6437265e-15
21455,0.14976844
21456,9.1744216e-11
21457,1.0
21458,5.7879385e-10
21459,4.9031515e-11
21460,1.0
21461,1.0
21462,9.9631405e-09
21463,1.0
21464,2.2622365e-13
21465,2.844709e-13
21466,1.0567759e-09
21467,1.347054e-12
21468,1.0
21469,9.070239e-14
21470,3.1387554e-10
21471,1.0
21472,1.0096987e-06
21473,1.2666571e-12
21474,1.0317395e-15
21475,2.5394432e-17
21476,1.0
21477,1.0
21478,3.0394506e-12
21479,1.0
21480,1.0
21481,6.278616e-17
21482,1.0
21483,1.7514392e-12
21484,1.5284975e-07
21485,0.99999994
21486,9.1527596e-05
21487,0.99999964
21488,0.999982
21489,9.564303e-11
21490,0.006992177
21491,1.3931337e-09
21492,1.0
21493,1.0
21494,4.2169148e-08
21495,4.968844e-06
21496,1.0
21497,3.2939264e-05
21498,0.9999999
21499,1.8382635e-16
21500,3.8647613e-08
21501,1.1905917e-14
21502,1.2487514e-13
21503,1.0
21504,0.99999666
21505,0.9999999
21506,1.0
21507,1.546863e-07
21508,1.5413443e-12
21509,0.048926145
21510,8.2874665e-11
21511,1.0
21512,5.844158e-07
21513,1.0
21514,2.0507363e-11
21515,9.969651e-22
21516,1.0
21517,0.99994326
21518,1.0927277e-14
21519,7.1398524e-08
21520,0.99999994
21521,1.7745375e-15
21522,0.9999991
21523,1.0
21524,0.9999999
21525,4.05493e-14
21526,9.881376e-18
21527,2.9106262e-09
21528,0.9999999
21529,1.798933e-09
21530,0.0007825099
21531,6.1136225e-13
21532,2.5433915e-15
21533,6.3589636e-14
21534,1.7208515e-13
21535,1.9773161e-10
21536,1.3796461e-15
21537,0.9999999
21538,0.99999994
21539,1.7359726e-10
21540,1.0
21541,1.0
21542,1.08553184e-14
21543,7.295267e-09
21544,1.0
21545,2.1649704e-13
21546,1.4348549e-10
21547,0.00041810356
21548,1.8540728e-05
21549,1.4075089e-12
21550,0.99999994
21551,0.9999986
21552,0.99999994
21553,1.0
21554,1.9616734e-11
21555,0.9999998
21556,1.96186e-15
21557,1.29106685e-14
21558,1.0
21559,0.99996984
21560,1.4663298e-12
21561,7.390668e-10
21562,1.9322677e-07
21563,1.57291e-10
21564,1.0
21565,0.99999934
21566,2.8480208e-13
21567,1.0
21568,5.8217577e-08
21569,1.8875474e-12
21570,7.206747e-11
21571,1.0
21572,2.845463e-07
21573,0.9999981
21574,2.1859954e-09
21575,1.940091e-08
21576,1.4622655e-07
21577,0.99985355
21578,1.0
21579,0.999921
21580,1.0
21581,1.0
21582,1.0
21583,0.9999998
21584,1.0
21585,1.0
21586,4.6374444e-06
21587,0.02894298
21588,9.0507103e-14
21589,1.8697212e-12
21590,4.1041e-17
21591,1.967721e-15
21592,1.2941881e-06
21593,0.9999764
21594,0.99999917
21595,1.0828147e-10
21596,2.8217424e-13
21597,1.0
21598,1.8012244e-06
21599,1.0
21600,7.820459e-12
21601,2.593009e-07
21602,1.0
21603,1.0
21604,5.158531e-15
21605,5.8270333e-12
21606,2.115039e-11
21607,0.99999654
21608,7.9278466e-11
21609,0.9999947
21610,1.0
21611,1.0
21612,0.9996449
21613,2.8923633e-13
21614,0.9999998
21615,0.00012590783
21616,1.501109e-15
21617,3.4261782e-15
21618,0.99999946
21619,4.9841853e-11
21620,2.1068947e-14
21621,0.99999994
21622,6.047135e-09
21623,0.9999393
21624,1.0
21625,5.9408006e-10
21626,0.99997705
21627,1.0
21628,1.0
21629,1.0
21630,1.7363271e-06
21631,0.99999994
21632,5.7724e-05
21633,1.0
21634,0.9553256
21635,0.9999995
21636,3.5479717e-16
21637,0.9999984
21638,5.990633e-08
21639,1.0
21640,0.999993
21641,1.0
21642,8.502373e-14
21643,2.973654e-13
21644,3.1709317e-06
21645,1.0
21646,8.6360186e-10
21647,1.0203449e-13
21648,4.120232e-10
21649,0.9999999
21650,1.0
21651,0.99999994
21652,0.9999997
21653,3.9419387e-13
21654,1.0
21655,1.1670288e-11
21656,0.99999255
21657,0.9999974
21658,1.0
21659,3.881383e-08
21660,3.234043e-06
21661,0.9999998
21662,2.1234786e-15
21663,1.0
21664,1.2878066e-09
21665,0.9999997
21666,7.98909e-06
21667,1.0
21668,1.0
21669,4.463802e-18
21670,0.9999999
21671,2.6031823e-05
21672,7.756456e-06
21673,1.0
21674,2.1274944e-09
21675,1.2930171e-09
21676,2.4000908e-13
21677,1.0
21678,0.99999726
21679,5.239059e-18
21680,4.763178e-11
21681,1.0
21682,1.0
21683,1.0
21684,0.99999994
21685,1.0
21686,1.0
21687,1.0
21688,0.38802034
21689,1.0
21690,1.0
21691,1.0156127e-10
21692,1.0
21693,2.0441539e-07
21694,0.043169923
21695,0.9999997
21696,2.4897407e-14
21697,2.9722176e-14
21698,3.1292847e-11
21699,0.9999981
21700,0.99999917
21701,3.2361493e-17
21702,0.00087547355
21703,3.5015777e-08
21704,1.0395023e-15
21705,1.0
21706,7.036132e-09
21707,0.9999844
21708,1.0
21709,1.0
21710,3.8974276e-16
21711,1.082509e-14
21712,1.0
21713,1.0
21714,1.0
21715,0.9999955
21716,2.555591e-05
21717,2.1392145e-08
21718,0.9999999
21719,2.6154732e-15
21720,7.584564e-12
21721,1.0
21722,1.0
21723,0.9999978
21724,1.3500059e-13
21725,0.99999994
21726,0.99980015
21727,3.399047e-12
21728,3.28854e-10
21729,1.0
21730,0.99999976
21731,1.6579067e-12
21732,0.9999999
21733,0.9999999
21734,7.3606985e-15
21735,3.8430326e-06
21736,1.8717211e-10
21737,1.1138326e-12
21738,0.9999785
21739,2.347877e-12
21740,0.99999994
21741,1.0
21742,1.0
21743,0.99999946
21744,1.0
21745,3.732014e-15
21746,1.0
21747,0.99999994
21748,1.0
21749,1.0
21750,0.99999815
21751,1.7705365e-09
21752,1.7795334e-15
21753,0.99999994
21754,1.5035522e-06
21755,8.827805e-07
21756,1.0
21757,0.99999994
21758,5.127227e-12
21759,1.688612e-11
21760,1.0
21761,1.5950251e-13
21762,0.9999992
21763,0.99999976
21764,2.1368764e-17
21765,0.9999995
21766,0.99999994
21767,9.055339e-10
21768,9.712713e-11
21769,1.0
21770,5.0810325e-16
21771,3.498753e-16
21772,2.484385e-14
21773,2.2277856e-08
21774,1.0
21775,7.2277064e-09
21776,1.234492e-14
21777,5.6977754e-08
21778,1.0
21779,6.291459e-08
21780,1.0819451e-11
21781,2.827469e-07
21782,1.0
21783,1.0
21784,0.99999994
21785,1.0
21786,4.0899905e-15
21787,6.849205e-13
21788,5.3443977e-10
21789,1.0
21790,0.9999988
21791,6.3256217e-15
21792,2.027003e-05
21793,1.7393532e-10
21794,0.9999998
21795,6.0537935e-13
21796,1.0
21797,3.5542966e-13
21798,0.99996495
21799,5.1292936e-15
21800,7.964876e-14
21801,0.9999999
21802,1.0
21803,1.0
21804,9.261901e-13
21805,5.2610687e-14
21806,1.0
21807,1.0
21808,0.99999017
21809,1.0
21810,0.99963325
21811,1.0
21812,6.297113e-12
21813,3.050166e-08
21814,0.9999994
21815,6.8905045e-17
21816,1.0
21817,5.383998e-07
21818,1.0
21819,2.0787603e-11
21820,7.9245416e-13
21821,1.0
21822,4.7245867e-05
21823,2.7354573e-14
21824,1.0
21825,1.37008e-11
21826,0.9999999
21827,1.0
21828,1.0
21829,0.9999998
21830,1.0
21831,1.0
21832,0.95547193
21833,0.99999416
21834,1.0
21835,1.0
21836,5.4969702e-15
21837,1.0
21838,2.4453666e-16
21839,1.0
21840,1.0
21841,0.99999446
21842,1.9838948e-16
21843,1.0738292e-05
21844,0.99999994
21845,0.0034173972
21846,1.7290834e-09
21847,1.0
21848,0.99999994
21849,1.0
21850,0.99999994
21851,0.9999872
21852,1.8255514e-13
21853,0.99999994
21854,1.0
21855,1.0
21856,2.211879e-15
21857,1.0
21858,4.4204267e-12
21859,2.8775805e-11
21860,2.0143047e-14
21861,0.99999994
21862,1.0
21863,1.0
21864,2.1641595e-11
21865,1.0
21866,0.9999521
21867,5.619454e-15
21868,5.4068954e-05
21869,0.99999994
21870,0.9999998
21871,1.3130727e-14
21872,1.2751283e-13
21873,1.0
21874,1.0
21875,0.9999999
21876,2.658441e-18
21877,2.9297878e-08
21878,1.0
21879,1.0
21880,1.2276062e-05
21881,0.9999997
21882,1.0
21883,2.011599e-09
21884,1.0
21885,1.65979e-15
21886,5.5133294e-15
21887,2.5708334e-13
21888,1.0
21889,2.1558711e-14
21890,0.9107193
21891,2.0414898e-16
21892,3.0252796e-20
21893,2.555585e-13
21894,3.3589844e-13
21895,1.0
21896,1.0
21897,1.8259443e-10
21898,2.989357e-07
21899,1.0
21900,2.0030723e-13
21901,1.0
21902,1.0
21903,1.0
21904,0.99836445
21905,1.0
21906,1.0
21907,0.9999995
21908,0.9999999
21909,3.0352044e-16
21910,0.9999874
21911,6.819274e-17
21912,2.045783e-18
21913,1.9876295e-12
21914,0.9997451
21915,1.0
21916,8.304069e-14
21917,3.0707118e-13
21918,1.8332314e-07
21919,7.093315e-14
21920,2.476816e-07
21921,1.0
21922,9.281085e-10
21923,3.1023865e-15
21924,5.6161304e-12
21925,2.7717974e-07
21926,3.351163e-10
21927,0.9999936
21928,1.0
21929,1.0
21930,0.99999994
21931,0.99999994
21932,1.0
21933,1.0
21934,0.9999984
21935,0.17339185
21936,1.0
21937,0.00081313757
21938,0.9999543
21939,1.0
21940,0.9999975
21941,2.1521106e-15
21942,1.0169443e-06
21943,1.0
21944,1.0
21945,0.9999998
21946,1.0
21947,1.0
21948,1.1907007e-14
21949,6.8461375e-08
21950,1.0
21951,1.0
21952,2.5487454e-13
21953,9.1259783e-10
21954,1.0
21955,1.0
21956,6.3644064e-12
21957,1.0
21958,2.2517026e-13
21959,4.7180804e-17
21960,1.0
21961,1.5876067e-10
21962,1.0613309e-13
21963,3.4238548e-10
21964,0.0007825814
21965,1.0
21966,0.9999842
21967,6.827707e-10
21968,0.9999998
21969,0.99999994
21970,1.2611701e-16
21971,1.0
21972,3.4207542e-10
21973,1.0079974e-14
21974,0.9999951
21975,0.9999997
21976,0.9999998
21977,5.0243526e-10
21978,0.9999978
21979,1.5124549e-12
21980,9.397045e-10
21981,0.9999996
21982,7.057499e-14
21983,4.1710277e-07
21984,0.99981076
21985,1.0
21986,1.0365163e-16
21987,0.008933858
21988,3.9379997e-06
21989,3.4585705e-06
21990,0.94640595
21991,9.852845e-14
21992,1.0
21993,0.9999998
21994,1.0
21995,1.0
21996,2.398475e-07
21997,3.1540595e-09
21998,8.933259e-15
21999,8.659695e-12
22000,1.0
22001,1.0
22002,1.0
22003,1.0
22004,1.0
22005,1.0
22006,0.9999999
22007,2.8942904e-16
22008,2.7985411e-12
22009,7.214191e-05
22010,2.409691e-13
22011,1.0
22012,0.9970428
22013,2.217253e-14
22014,2.3786739e-05
22015,1.66479e-11
22016,3.6326465e-14
22017,2.4453108e-16
22018,1.5381865e-09
22019,1.0
22020,1.0
22021,1.0
22022,9.933693e-08
22023,1.0
22024,6.3663124e-12
22025,1.7599927e-11
22026,1.0
22027,1.0
22028,8.8026706e-14
22029,0.9997038
22030,1.0
22031,0.9999981
22032,9.528251e-15
22033,1.0
22034,1.0
22035,9.705312e-06
22036,3.0286596e-11
22037,5.0697092e-11
22038,0.99999994
22039,4.4964314e-12
22040,6.519971e-16
22041,1.0
22042,1.0
22043,8.122246e-05
22044,3.2110823e-09
22045,1.0
22046,1.0
22047,3.769497e-17
22048,4.617666e-09
22049,1.0
22050,8.9178335e-05
22051,1.7845283e-13
22052,7.2623463e-10
22053,1.1049697e-06
22054,1.0
22055,0.9999967
22056,1.0
22057,0.9999986
22058,1.0
22059,0.95020586
22060,8.043432e-08
22061,5.3013817e-05
22062,0.99999976
22063,8.802947e-16
22064,5.893245e-13
22065,0.9999984
22066,1.0
22067,1.0932953e-09
22068,0.99999994
22069,1.0
22070,1.0
22071,1.0
22072,2.2300935e-16
22073,8.462718e-10
22074,0.999985
22075,4.1415674e-06
22076,1.0907979e-13
22077,4.428119e-10
22078,1.2935701e-08
22079,2.2045317e-13
22080,1.3157177e-10
22081,0.99962753
22082,4.7907855e-11
22083,2.5129762e-07
22084,9.0106663e-17
22085,0.9999999
22086,0.99970126
22087,1.0
22088,1.40805785e-14
22089,1.0
22090,1.0
22091,8.062238e-14
22092,0.99999994
22093,0.9999997
22094,6.83089e-08
22095,2.3870598e-14
22096,0.9999999
22097,1.9462151e-10
22098,1.9297191e-05
22099,1.5756364e-10
22100,1.8785588e-11
22101,6.93598e-14
22102,0.99999994
22103,3.2026577e-14
22104,0.99987054
22105,2.3311216e-08
22106,7.466459e-13
22107,3.650447e-11
22108,1.0
22109,4.754929e-14
22110,1.0
22111,0.99999994
22112,0.99999994
22113,0.9999448
22114,9.899832e-13
22115,1.0
22116,4.233716e-13
22117,2.3437823e-20
22118,4.8294634e-08
22119,1.2954735e-16
22120,1.0
22121,1.0
22122,1.0
22123,0.9999988
22124,0.00024331984
22125,2.1376438e-16
22126,0.99998343
22127,0.99999994
22128,2.6925557e-06
22129,1.0809027e-06
22130,0.9999977
22131,1.0
22132,7.4405437e-09
22133,0.99999917
22134,9.512912e-10
22135,6.5837063e-15
22136,2.3141124e-10
22137,7.143224e-07
22138,1.0411182e-14
22139,8.538783e-12
22140,6.212239e-14
22141,4.620333e-10
22142,1.0
22143,4.746769e-16
22144,1.0
22145,1.5526992e-15
22146,1.0
22147,1.0
22148,0.99998707
22149,0.99995
22150,6.3683e-17
22151,9.199891e-13
22152,1.0
22153,6.361986e-07
22154,4.4172595e-15
22155,0.99999887
22156,4.4439004e-09
22157,1.0
22158,0.99999285
22159,0.99999994
22160,0.9998733
22161,0.99999994
22162,0.009447479
22163,9.943871e-09
22164,4.7143348e-11
22165,0.99999994
22166,1.0
22167,2.0875168e-19
22168,0.99999976
22169,1.0
22170,2.1723424e-12
22171,2.1285448e-14
22172,0.99999994
22173,1.9381803e-14
22174,0.9999954
22175,2.0537131e-13
22176,2.1257818e-10
22177,0.011817776
22178,1.0
22179,3.2990219e-12
22180,3.504479e-06
22181,1.0
22182,2.6156616e-12
22183,6.057559e-13
22184,1.0
22185,0.99999946
22186,1.0
22187,5.065408e-11
22188,3.5322394e-12
22189,1.974752e-15
22190,0.0022384312
22191,8.64569e-11
22192,1.0
22193,0.99999994
22194,1.683191e-14
22195,1.0
22196,8.306695e-11
22197,1.0
22198,0.99999994
22199,0.82732815
22200,1.19345925e-17
22201,2.9437038e-14
22202,4.532547e-15
22203,0.99999887
22204,0.99999994
22205,2.332067e-17
22206,9.620897e-14
22207,7.2877036e-08
22208,1.0
22209,0.9999998
22210,2.8539778e-15
22211,1.0
22212,0.9976034
22213,1.0
22214,1.0
22215,5.414837e-07
22216,1.0977702e-11
22217,1.0
22218,1.704697e-09
22219,0.99999994
22220,0.9999993
22221,0.6276885
22222,0.99999833
22223,1.0
22224,1.0
22225,1.0
22226,1.966521e-11
22227,1.9021404e-09
22228,0.9999532
22229,0.99999994
22230,1.0
22231,0.99999636
22232,9.5252345e-15
22233,1.2988243e-15
22234,0.0009230153
22235,2.6975956e-12
22236,1.0
22237,1.0
22238,0.99999946
22239,1.0
22240,8.682685e-12
22241,7.890218e-16
22242,0.99999994
22243,6.250929e-10
22244,0.99999934
22245,0.99999964
22246,7.950091e-07
22247,1.08735795e-13
22248,1.0
22249,1.1882728e-15
22250,1.0
22251,6.288807e-12
22252,1.0
22253,0.00015387886
22254,2.3242253e-13
22255,5.826417e-10
22256,0.99999964
22257,3.7686011e-06
22258,1.0
22259,1.0
22260,1.0
22261,2.1286292e-11
22262,1.0
22263,1.0924046e-18
22264,1.0
22265,1.0
22266,6.891625e-20
22267,5.327806e-06
22268,0.99999994
22269,1.0
22270,8.8353296e-08
22271,4.9906846e-14
22272,0.99995357
22273,1.0
22274,3.0318036e-11
22275,0.99772924
22276,0.99999994
22277,1.3698527e-11
22278,1.0
22279,1.0
22280,5.1949084e-10
22281,8.056447e-09
22282,0.99999905
22283,0.81234825
22284,5.7561684e-09
22285,0.99999845
22286,0.9999955
22287,3.93978e-10
22288,0.00012330178
22289,1.0
22290,5.965056e-13
22291,7.383837e-13
22292,1.5196835e-13
22293,9.3438327e-11
22294,2.8124474e-09
22295,1.0
22296,3.178309e-11
22297,1.8437067e-08
22298,5.758409e-09
22299,0.99893147
22300,1.0
22301,1.0
22302,1.4789413e-12
22303,0.00043833943
22304,1.0
22305,1.0
22306,0.99999994
22307,0.99999994
22308,1.2914495e-09
22309,3.4563104e-08
22310,1.5137444e-07
22311,1.0031957e-12
22312,0.0014273478
22313,0.9999991
22314,1.0
22315,1.0
22316,0.9999999
22317,1.1330618e-08
22318,2.0070213e-11
22319,0.9999438
22320,3.4524705e-15
22321,1.0
22322,4.532983e-06
22323,1.0
22324,5.89035e-15
22325,1.0
22326,1.0
22327,7.9563466e-13
22328,1.0
22329,0.99999994
22330,0.9999998
22331,0.9999999
22332,8.216694e-09
22333,0.9998819
22334,1.0
22335,5.479023e-17
22336,4.8248384e-13
22337,1.5758794e-18
22338,0.99999994
22339,0.00026875507
22340,0.003974706
22341,5.0800666e-11
22342,1.0
22343,1.8934131e-13
22344,3.9047178e-13
22345,9.125242e-15
22346,7.163655e-16
22347,0.99994844
22348,4.3859522e-08
22349,3.4525782e-10
22350,0.99998033
22351,4.4018475e-13
22352,1.0
22353,1.0
22354,0.9999999
22355,1.0126331e-05
22356,0.9999997
22357,0.9999293
22358,1.0
22359,1.0
22360,0.99999857
22361,7.1538625e-13
22362,2.531893e-05
22363,5.979532e-10
22364,0.9999997
22365,0.99999917
22366,0.9999985
22367,7.3053526e-19
22368,2.4240428e-08
22369,3.7882498e-14
22370,0.9999998
22371,1.0
22372,0.99999994
22373,0.99954003
22374,5.1293642e-14
22375,2.949002e-11
22376,2.1069115e-09
22377,1.0
22378,0.99999964
22379,0.99981993
22380,1.3363289e-08
22381,1.0
22382,0.99999934
22383,1.0
22384,3.312316e-14
22385,1.0
22386,1.0
22387,1.0
22388,1.456241e-11
22389,1.0
22390,3.6176306e-09
22391,0.99999946
22392,1.7831836e-14
22393,1.0
22394,2.616518e-13
22395,1.0
22396,2.5514353e-07
22397,0.9999998
22398,3.85461e-15
22399,1.0
22400,8.2175277e-16
22401,1.0
22402,4.4152068e-10
22403,1.0
22404,0.9999994
22405,0.9999999
22406,1.0
22407,0.9999997
22408,5.808603e-08
22409,4.6421384e-08
22410,1.5631627e-14
22411,7.99523e-13
22412,1.0
22413,1.0274095e-11
22414,1.0
22415,1.0
22416,8.223646e-15
22417,0.99996233
22418,1.0
22419,0.99999994
22420,7.8674925e-13
22421,6.264098e-12
22422,2.7386188e-12
22423,2.977715e-11
22424,1.0297377e-12
22425,0.9999857
22426,1.4580684e-13
22427,1.0
22428,0.9999894
22429,1.9429569e-12
22430,3.7372054e-12
22431,1.0
22432,0.99999964
22433,1.0
22434,0.99999994
22435,1.0
22436,2.611384e-16
22437,5.2411455e-15
22438,1.0
22439,0.003163112
22440,0.99999994
22441,1.0
22442,1.0
22443,1.11497876e-07
22444,1.0
22445,1.03592985e-11
22446,7.4001663e-16
22447,0.9998681
22448,0.99999994
22449,1.0
22450,1.0
22451,1.0
22452,6.699426e-14
22453,3.657024e-12
22454,0.008742731
22455,0.99999994
22456,1.0
22457,4.3906616e-09
22458,3.3883865e-08
22459,2.4054625e-06
22460,1.1769714e-12
22461,0.99999994
22462,8.313759e-12
22463,0.0002425312
22464,2.1808346e-14
22465,0.99999434
22466,0.9999998
22467,1.0
22468,2.9421832e-10
22469,6.9053395e-11
22470,2.8145658e-05
22471,1.0
22472,5.70009e-16
22473,0.9999993
22474,1.2757395e-16
22475,0.99999946
22476,0.999229
22477,0.99999636
22478,1.0
22479,5.23041e-11
22480,1.0
22481,1.0
22482,0.99999994
22483,3.6779806e-16
22484,1.0
22485,5.114905e-06
22486,1.0
22487,0.009184103
22488,3.5079548e-08
22489,1.2785372e-14
22490,7.297799e-13
22491,1.0
22492,3.7877296e-10
22493,9.728674e-12
22494,1.0
22495,1.4178845e-17
22496,3.3040504e-10
22497,1.2999049e-15
22498,0.99999994
22499,1.1652655e-18
22500,2.6008947e-06
22501,8.6541896e-10
22502,5.308697e-14
22503,5.066716e-07
22504,3.940843e-16
22505,4.0680997e-10
22506,0.99999994
22507,0.9878893
22508,0.9999948
22509,1.0
22510,0.99999994
22511,4.173585e-16
22512,1.2391847e-17
22513,0.0017725525
22514,1.0
22515,1.5729885e-09
22516,1.0
22517,0.99998647
22518,1.057586e-10
22519,0.9999969
22520,5.6836083e-09
22521,1.0
22522,1.0
22523,1.0288219e-06
22524,1.0
22525,2.3357911e-11
22526,1.8370284e-10
22527,1.0
22528,1.0480872e-11
22529,1.0
22530,1.0
22531,1.0
22532,1.0
22533,0.99999994
22534,0.99999994
22535,7.417344e-14
22536,9.0791446e-12
22537,0.0005221442
22538,0.0058007506
22539,6.038085e-07
22540,2.5395039e-15
22541,0.99999994
22542,3.036276e-08
22543,0.99989575
22544,1.0
22545,2.201602e-10
22546,1.0259661e-15
22547,1.0
22548,3.6659347e-12
22549,1.0
22550,9.514594e-15
22551,1.8031607e-14
22552,1.7433562e-13
22553,0.255043
22554,1.0
22555,2.6892075e-11
22556,3.1659532e-08
22557,0.99999994
22558,8.923834e-09
22559,1.0
22560,1.1879955e-16
22561,1.1657211e-14
22562,1.0
22563,1.0
22564,0.99089396
22565,9.540917e-13
22566,2.094306e-10
22567,1.0537672e-16
22568,1.0
22569,5.216131e-08
22570,6.812191e-13
22571,0.9999996
22572,1.0
22573,1.0
22574,0.9999967
22575,1.0
22576,1.0
22577,3.271854e-10
22578,0.99999976
22579,1.0
22580,4.921477e-12
22581,2.1892e-09
22582,1.0
22583,5.3799154e-06
22584,8.872861e-14
22585,0.99997514
22586,1.9525935e-16
22587,1.0
22588,0.00019967029
22589,6.823023e-13
22590,7.711492e-07
22591,0.99999994
22592,3.0852734e-05
22593,2.3118179e-14
22594,1.6735666e-16
22595,4.466804e-16
22596,2.1902408e-12
22597,1.0
22598,5.616515e-07
22599,6.13606e-14
22600,1.0
22601,0.99994427
22602,3.8569322e-16
22603,2.2998963e-09
22604,1.4141727e-18
22605,9.214116e-13
22606,0.9999989
22607,5.4825203e-15
22608,2.8287356e-14
22609,1.6095577e-16
22610,1.0
22611,1.0
22612,5.5299694e-15
22613,1.0
22614,1.0
22615,0.9999961
22616,5.6597984e-09
22617,1.0
22618,1.0
22619,0.9999981
22620,2.5395702e-16
22621,0.9999412
22622,1.0
22623,8.5551114e-14
22624,1.0994873e-13
22625,0.9999972
22626,0.0005248787
22627,9.419e-12
22628,1.0
22629,1.0
22630,0.9999925
22631,5.911276e-14
22632,1.0
22633,5.6117857e-11
22634,5.5428156e-13
22635,1.408991e-09
22636,1.0
22637,1.0
22638,3.2563813e-11
22639,1.515894e-09
22640,1.0
22641,5.0239307e-10
22642,1.0
22643,0.023561193
22644,1.8739198e-05
22645,1.0
22646,3.1666776e-08
22647,0.9999997
22648,1.0
22649,1.0
22650,0.99999994
22651,1.0
22652,2.3200816e-07
22653,1.0
22654,1.0
22655,1.0
22656,7.611983e-12
22657,1.0
22658,1.7470059e-15
22659,6.343486e-09
22660,1.0837031e-06
22661,1.0
22662,1.0
22663,0.99998873
22664,6.4966295e-17
22665,1.0
22666,0.99999994
22667,2.2307535e-08
22668,1.9710643e-15
22669,1.0
22670,8.5552875e-07
22671,1.0
22672,0.99999994
22673,1.0
22674,1.0
22675,0.99999845
22676,0.99999994
22677,1.0
22678,1.9739903e-16
22679,0.99999994
22680,9.829064e-14
22681,1.0
22682,1.8610924e-09
22683,1.5525919e-12
22684,1.0
22685,0.00084694807
22686,1.1264327e-17
22687,2.1143108e-13
22688,2.1319478e-08
22689,1.0
22690,8.076534e-07
22691,4.3016755e-09
22692,0.9999729
22693,0.00012288931
22694,7.3354083e-13
22695,1.0
22696,0.9999981
22697,1.0
22698,1.0
22699,0.99999917
22700,1.0
22701,1.0
22702,4.053953e-08
22703,3.815968e-17
22704,0.015275288
22705,0.17051968
22706,1.7931342e-08
22707,1.0
22708,1.0
22709,0.99999994
22710,5.2779363e-13
22711,2.2981225e-11
22712,2.0139783e-10
22713,0.32469484
22714,2.807023e-06
22715,6.17805e-08
22716,0.99999994
22717,3.0029355e-15
22718,4.6204556e-14
22719,1.0
22720,2.11947e-14
22721,4.824891e-14
22722,1.0
22723,7.82844e-09
22724,1.6525789e-14
22725,4.8349234e-14
22726,4.4622837e-08
22727,3.5786513e-08
22728,8.527758e-10
22729,0.9999998
22730,1.9592103e-06
22731,4.4970072e-08
22732,1.0
22733,0.9999998
22734,0.99999994
22735,1.329755e-10
22736,0.99999994
22737,0.99999994
22738,8.4916605e-14
22739,5.2351783e-08
22740,3.569094e-08
22741,1.0
22742,3.76765e-09
22743,0.001716822
22744,3.552543e-08
22745,1.0
22746,1.0
22747,1.0
22748,5.1957527e-13
22749,1.0
22750,1.0
22751,3.230359e-09
22752,6.5223605e-05
22753,0.99999976
22754,0.9999999
22755,0.9999999
22756,4.6198458e-11
22757,6.895565e-10
22758,1.0
22759,0.9999999
22760,7.4590994e-06
22761,1.0
22762,1.0
22763,1.1818592e-09
22764,2.6744174e-09
22765,2.274175e-11
22766,7.2190666e-17
22767,1.0445468e-11
22768,9.940114e-13
22769,1.0
22770,1.0
22771,1.7804967e-16
22772,1.0
22773,8.558223e-15
22774,0.99998957
22775,1.4798685e-10
22776,1.3218512e-06
22777,1.0
22778,9.255215e-19
22779,0.99999994
22780,0.9999988
22781,1.4714921e-10
22782,0.9999982
22783,9.6903235e-11
22784,1.0
22785,0.00077649497
22786,2.5127019e-14
22787,6.1657595e-08
22788,2.5479888e-08
22789,1.0
22790,1.0
22791,9.136547e-07
22792,1.0
22793,0.99999994
22794,4.8047592e-15
22795,1.0
22796,1.0
22797,4.792473e-16
22798,1.0768659e-07
22799,1.0
22800,0.0026648894
22801,1.0
22802,0.99999833
22803,0.99988836
22804,0.00029232778
22805,1.0
22806,0.9999999
22807,2.8547715e-12
22808,1.0
22809,0.99999994
22810,1.3139384e-12
22811,1.0
22812,3.1071477e-15
22813,0.9999996
22814,4.666172e-18
22815,0.9983489
22816,1.9067953e-15
22817,2.344163e-12
22818,1.0
22819,1.0
22820,0.9999875
22821,1.0
22822,0.0050647473
22823,3.4521896e-10
22824,4.5727984e-17
22825,1.3606616e-07
22826,6.0682304e-10
22827,1.0
22828,6.5689552e-15
22829,0.9999992
22830,3.3581565e-10
22831,0.9999997
22832,9.963369e-09
22833,2.3491614e-13
22834,3.952513e-15
22835,0.9999999
22836,0.9999923
22837,1.0
22838,0.99999493
22839,1.0
22840,0.99999994
22841,1.0
22842,1.0
22843,0.5386622
22844,0.9999998
22845,3.7780525e-11
22846,0.9999998
22847,1.0
22848,0.57061625
22849,1.0
22850,1.7906362e-06
22851,1.1584068e-14
22852,1.0
22853,6.274577e-11
22854,1.0
22855,2.7613617e-12
22856,8.684072e-09
22857,2.347284e-05
22858,7.0257656e-13
22859,7.5216334e-17
22860,8.6554307e-17
22861,1.0
22862,1.0
22863,1.0
22864,2.314087e-09
22865,5.1341457e-12
22866,1.0
22867,6.149315e-13
22868,1.0
22869,0.042395968
22870,1.0
22871,0.99997085
22872,2.9258967e-11
22873,2.0333157e-10
22874,1.3553615e-14
22875,0.99999815
22876,1.0
22877,2.107789e-08
22878,5.802949e-14
22879,0.9999993
22880,1.0
22881,9.748029e-12
22882,0.9999887
22883,1.1803987e-10
22884,1.0
22885,4.8345252e-15
22886,4.694637e-12
22887,7.245218e-10
22888,6.6711164e-11
22889,2.7521085e-15
22890,0.99999994
22891,1.0
22892,1.0
22893,3.043559e-07
22894,1.0
22895,1.0
22896,4.1362535e-11
22897,1.0
22898,5.5308567e-05
22899,2.0408791e-08
22900,1.0
22901,8.707803e-14
22902,1.0
22903,0.99999905
22904,4.180503e-11
22905,3.1710187e-11
22906,2.9802918e-13
22907,1.0
22908,1.0
22909,2.0523562e-11
22910,0.99999946
22911,8.69804e-07
22912,1.0
22913,0.99999946
22914,1.0
22915,2.1439307e-07
22916,2.406958e-13
22917,1.0
22918,1.9345183e-12
22919,1.0
22920,0.9999738
22921,0.99999666
22922,4.9824043e-09
22923,0.9999611
22924,0.014443615
22925,1.0
22926,1.0
22927,0.9999997
22928,0.9999983
22929,6.091512e-11
22930,1.0
22931,3.5331357e-08
22932,0.9999998
22933,1.1745712e-07
22934,1.0
22935,0.9997366
22936,1.0
22937,0.9999996
22938,1.0
22939,5.141498e-11
22940,2.2787739e-05
22941,9.660401e-09
22942,1.0
22943,1.0
22944,6.67078e-13
22945,0.99999994
22946,9.008959e-11
22947,1.0423858e-10
22948,0.9999999
22949,0.99999994
22950,0.9999999
22951,1.0
22952,2.2260526e-08
22953,4.2059865e-14
22954,0.99996555
22955,9.128519e-14
22956,0.9999906
22957,2.5991047e-09
22958,8.097815e-12
22959,0.99999946
22960,1.0
22961,1.0
22962,3.3132748e-15
22963,1.3196735e-10
22964,1.0
22965,0.9999986
22966,1.0
22967,1.6168075e-15
22968,1.3467015e-09
22969,4.2070698e-07
22970,1.0
22971,5.2290798e-05
22972,0.99999946
22973,1.0
22974,0.99999976
22975,3.4181758e-11
22976,2.2479212e-10
22977,2.8524203e-12
22978,1.0
22979,1.6518835e-13
22980,1.0
22981,1.0245066e-09
22982,1.0
22983,1.0
22984,1.2232965e-12
22985,0.00027351585
22986,1.0
22987,0.00015334495
22988,0.9999892
22989,1.0
22990,0.99999994
22991,0.9999268
22992,7.974289e-13
22993,1.6356844e-16
22994,1.0
22995,1.0
22996,1.0
22997,1.0
22998,1.0
22999,0.9999995
23000,1.3071455e-10
23001,5.39349e-07
23002,1.9028663e-09
23003,1.0
23004,0.9999996
23005,1.0
23006,1.0
23007,0.9999999
23008,1.322972e-15
23009,1.5684612e-10
23010,5.8745974e-15
23011,0.9998288
23012,0.99998945
23013,4.091288e-14
23014,0.99999994
23015,0.99999994
23016,1.0
23017,1.9165647e-14
23018,1.1953508e-16
23019,1.7109813e-12
23020,1.4087468e-16
23021,1.0
23022,1.0
23023,6.5383706e-14
23024,0.99999994
23025,7.0776816e-17
23026,1.0
23027,0.9999998
23028,9.326268e-13
23029,5.8890245e-15
23030,7.1412286e-12
23031,4.649972e-12
23032,1.0
23033,0.00090124493
23034,0.9999999
23035,1.0
23036,1.0
23037,0.99999934
23038,1.0
23039,9.303802e-15
23040,1.0
23041,0.999949
23042,1.0
23043,0.0007769017
23044,0.99999976
23045,2.889636e-15
23046,0.99999654
23047,4.1283027e-10
23048,1.0
23049,1.4731586e-12
23050,8.7087374e-13
23051,0.9999996
23052,2.9858232e-12
23053,2.0498797e-15
23054,4.3790496e-11
23055,0.9999998
23056,0.9999651
23057,1.0
23058,1.0
23059,4.4488108e-13
23060,1.3080414e-13
23061,6.498787e-13
23062,7.093251e-13
23063,9.4218064e-11
23064,0.9999998
23065,1.0
23066,0.9999925
23067,3.0918032e-10
23068,0.0004180386
23069,6.9790573e-10
23070,1.0
23071,1.3271483e-07
23072,0.9999991
23073,0.99999946
23074,1.885152e-07
23075,7.6352244e-11
23076,6.4235054e-12
23077,2.5201466e-10
23078,7.308369e-10
23079,1.2325016e-14
23080,1.0928565e-11
23081,1.0
23082,3.3878873e-13
23083,6.242156e-11
23084,1.1542155e-12
23085,4.684123e-10
23086,1.0
23087,2.0328335e-15
23088,3.6998613e-13
23089,0.99765587
23090,1.6579042e-15
23091,1.0
23092,2.6698666e-16
23093,1.0571504e-10
23094,9.954047e-19
23095,0.00060291414
23096,0.99999535
23097,3.4867392e-10
23098,0.99999994
23099,2.7271208e-15
23100,1.4323825e-05
23101,0.99999964
23102,1.1171912e-10
23103,8.31347e-17
23104,1.2678987e-05
23105,4.7650273e-13
23106,5.757406e-10
23107,0.99999964
23108,1.0
23109,0.9999994
23110,1.863543e-07
23111,1.7622628e-05
23112,1.9497545e-06
23113,1.0
23114,1.0
23115,0.9999901
23116,5.9445005e-12
23117,5.220428e-13
23118,1.0
23119,0.99999994
23120,2.5348185e-12
23121,1.0
23122,0.9992641
23123,1.0
23124,1.085452e-16
23125,1.0863169e-10
23126,2.294478e-07
23127,3.2233935e-08
23128,1.0
23129,0.99999386
23130,1.0
23131,0.9999947
23132,6.334119e-08
23133,1.7203279e-11
23134,0.9999909
23135,0.99999225
23136,1.9113326e-11
23137,1.0
23138,1.0
23139,1.5253405e-13
23140,1.0
23141,3.316538e-06
23142,0.00013559213
23143,1.0
23144,8.892406e-08
23145,6.817357e-11
23146,3.2581426e-09
23147,4.85291e-15
23148,0.9999962
23149,9.902532e-13
23150,0.99999875
23151,0.99999994
23152,1.0
23153,0.99999976
23154,1.0
23155,7.769495e-15
23156,1.0
23157,1.0
23158,1.8712121e-16
23159,1.1878056e-05
23160,9.483688e-14
23161,2.910823e-11
23162,2.1417486e-13
23163,1.0
23164,6.738649e-12
23165,1.0
23166,0.00082292245
23167,0.99999803
23168,0.99999994
23169,2.5236545e-06
23170,0.99999756
23171,3.1913068e-12
23172,2.445003e-16
23173,1.762436e-10
23174,1.0
23175,7.3942377e-13
23176,0.99999946
23177,1.0
23178,4.6370872e-11
23179,1.0
23180,7.8457314e-14
23181,2.4618723e-09
23182,4.9638757e-06
23183,0.99999976
23184,5.2637215e-09
23185,2.7321086e-15
23186,1.0
23187,0.99999994
23188,1.0
23189,1.0
23190,0.9999993
23191,4.4016003e-11
23192,3.6416027e-14
23193,7.739229e-09
23194,1.0
23195,0.010939763
23196,2.7490898e-09
23197,3.603669e-14
23198,2.4717398e-12
23199,0.9999999
23200,2.2184692e-16
23201,1.0029167e-08
23202,8.37658e-09
23203,1.0
23204,0.99999815
23205,7.1725836e-08
23206,1.0
23207,5.929604e-07
23208,1.9222768e-09
23209,0.9999986
23210,0.01552031
23211,1.0295389e-09
23212,1.0555462e-11
23213,1.0
23214,6.167865e-12
23215,8.5719785e-15
23216,1.0
23217,1.0
23218,1.3873813e-14
23219,3.164931e-09
23220,1.4908118e-11
23221,1.0
23222,4.024835e-09
23223,0.9998853
23224,3.9739653e-08
23225,1.0
23226,1.7277331e-15
23227,3.4376976e-12
23228,0.9999905
23229,1.0
23230,0.9976034
23231,1.2244052e-06
23232,1.0
23233,1.8347334e-06
23234,1.8247681e-07
23235,0.9999998
23236,1.6385924e-05
23237,3.427033e-12
23238,1.0
23239,4.5648715e-12
23240,1.0
23241,0.99920374
23242,0.0064226864
23243,0.9999985
23244,5.328502e-09
23245,0.99999994
23246,0.99999183
23247,0.99999994
23248,1.0
23249,1.0
23250,3.3481608e-17
23251,1.586264e-05
23252,2.3113796e-12
23253,1.9993127e-13
23254,0.99999994
23255,0.99999857
23256,8.8714955e-09
23257,9.368836e-22
23258,1.783237e-15
23259,8.7758186e-13
23260,0.00026047384
23261,1.2769818e-11
23262,1.0
23263,4.5473741e-10
23264,1.0
23265,1.0
23266,3.880353e-12
23267,0.9889575
23268,0.99999976
23269,0.9999728
23270,4.7675734e-09
23271,4.3810903e-07
23272,9.781347e-06
23273,0.9999998
23274,0.9999994
23275,1.1455654e-12
23276,1.0622382e-13
23277,0.9999994
23278,0.99999994
23279,2.3393669e-11
23280,0.99999964
23281,3.514523e-13
23282,6.7424007e-13
23283,0.99999326
23284,2.8778273e-05
23285,2.1423702e-06
23286,1.0
23287,3.4982812e-11
23288,1.1817672e-12
23289,0.99999994
23290,1.0
23291,1.2060125e-05
23292,6.13718e-15
23293,0.9999925
23294,1.3202848e-15
23295,0.9999998
23296,6.582332e-09
23297,2.1314147e-16
23298,1.6719656e-06
23299,1.0
23300,2.0504468e-11
23301,1.0
23302,0.9999993
23303,1.3145361e-14
23304,0.99999934
23305,1.0
23306,1.0
23307,0.9921898
23308,4.1321943e-10
23309,8.01096e-15
23310,7.490748e-07
23311,1.6701171e-15
23312,0.9999999
23313,0.9999999
23314,1.8959656e-12
23315,1.4614558e-06
23316,1.0
23317,1.652312e-09
23318,0.99999994
23319,4.9068377e-15
23320,1.0
23321,7.109125e-13
23322,4.483778e-14
23323,0.000120761644
23324,0.99999994
23325,1.0
23326,0.9999989
23327,0.9999991
23328,1.0
23329,0.9999999
23330,2.9902197e-18
23331,0.99999994
23332,1.0
23333,9.0869485e-14
23334,1.0273899e-07
23335,1.0
23336,2.653313e-19
23337,1.1848424e-10
23338,0.9999999
23339,3.71614e-18
23340,1.3995576e-09
23341,5.3925003e-11
23342,1.2560935e-05
23343,0.99999994
23344,0.99999994
23345,1.0
23346,7.255015e-12
23347,1.0
23348,1.196306e-07
23349,4.2466738e-12
23350,1.2731295e-11
23351,1.0
23352,3.779479e-15
23353,1.0
23354,0.99993455
23355,2.2288931e-17
23356,0.9999976
23357,0.99999994
23358,2.7875393e-09
23359,0.9999999
23360,3.0631168e-14
23361,1.0
23362,0.99997413
23363,8.598679e-09
23364,6.345543e-06
23365,6.133522e-07
23366,0.9999586
23367,1.0
23368,1.0
23369,0.9999997
23370,4.8896193e-11
23371,4.8783335e-13
23372,1.0
23373,0.99999994
23374,1.0
23375,1.0
23376,1.0
23377,1.0025947e-09
23378,2.6397135e-08
23379,1.0
23380,0.9999936
23381,0.9999982
23382,6.023132e-10
23383,1.0
23384,1.5317783e-12
23385,0.99999994
23386,1.0
23387,1.2562737e-06
23388,0.9979869
23389,9.390116e-09
23390,0.99999684
23391,0.99999994
23392,0.0055592754
23393,0.99999976
23394,1.0
23395,1.9385488e-05
23396,3.205206e-14
23397,1.0
23398,1.0
23399,1.0
23400,1.0
23401,2.64538e-11
23402,0.99996513
23403,1.0
23404,3.4145738e-05
23405,8.469328e-05
23406,1.6196846e-07
23407,1.0
23408,1.0
23409,1.0
23410,0.01766814
23411,1.0
23412,9.879179e-09
23413,1.4622884e-12
23414,4.53926e-06
23415,1.0
23416,1.725596e-05
23417,4.8604504e-15
23418,1.0
23419,2.4514085e-13
23420,9.825648e-15
23421,7.6120927e-14
23422,0.99999964
23423,0.99999994
23424,0.99999136
23425,1.0
23426,0.9999972
23427,2.5802813e-16
23428,1.0
23429,1.0
23430,5.3193315e-17
23431,1.0
23432,0.9999998
23433,1.0
23434,0.9999961
23435,8.300228e-16
23436,1.0
23437,1.0
23438,1.4120236e-12
23439,1.6079498e-12
23440,1.0
23441,7.9181446e-11
23442,1.0
23443,0.99999344
23444,1.0191756e-06
23445,1.0
23446,1.0
23447,0.9999729
23448,4.2144182e-14
23449,1.916305e-10
23450,1.0
23451,2.9127362e-13
23452,0.9999999
23453,0.9999932
23454,0.99999994
23455,8.931581e-13
23456,1.0
23457,1.0
23458,9.010113e-14
23459,0.9999999
23460,1.0
23461,6.999502e-15
23462,3.2937322e-07
23463,1.0
23464,1.5914491e-12
23465,0.9999998
23466,3.7801333e-12
23467,0.99999976
23468,1.0
23469,4.591594e-15
23470,5.0262895e-07
23471,1.0
23472,0.999999
23473,1.0
23474,8.952632e-12
23475,1.0679081e-09
23476,1.0
23477,0.9999938
23478,0.9997712
23479,4.6826214e-14
23480,0.9999998
23481,1.0
23482,0.3678413
23483,6.494912e-07
23484,1.3200576e-12
23485,1.0
23486,4.3898325e-09
23487,0.99999946
23488,0.99999404
23489,0.99999887
23490,9.678252e-13
23491,4.20521e-13
23492,3.9721017e-15
23493,1.3653108e-12
23494,1.0
23495,1.0
23496,0.9999947
23497,1.4819939e-12
23498,1.8268403e-05
23499,4.625196e-08
23500,0.99999994
23501,5.330454e-09
23502,3.1459214e-11
23503,0.0012931254
23504,0.99999994
23505,1.0
23506,0.99999976
23507,0.99999964
23508,3.2074703e-07
23509,1.0
23510,4.66605e-13
23511,1.0
23512,3.0728701e-15
23513,1.0
23514,0.0022000857
23515,1.6582647e-15
23516,9.036864e-13
23517,0.99999964
23518,4.47357e-14
23519,1.6343042e-18
23520,0.9999999
23521,1.0
23522,0.99999994
23523,1.0
23524,1.0
23525,1.2235964e-10
23526,2.3303646e-09
23527,4.023134e-08
23528,0.9999976
23529,0.99999994
23530,3.204821e-14
23531,0.9999997
23532,4.057251e-06
23533,8.375514e-12
23534,0.99998
23535,7.302534e-09
23536,0.99999976
23537,0.9999996
23538,1.0399025e-16
23539,7.5690963e-17
23540,3.8580167e-11
23541,2.6447267e-09
23542,2.3561917e-14
23543,5.552855e-14
23544,1.500823e-11
23545,0.9999856
23546,5.9075175e-12
23547,6.24148e-14
23548,1.0
23549,1.0
23550,0.011949912
23551,1.0
23552,0.99999994
23553,1.0
23554,2.3689967e-08
23555,0.99999964
23556,1.2171109e-11
23557,0.99999994
23558,1.0
23559,0.9999949
23560,1.9016723e-17
23561,2.9935432e-13
23562,2.6402272e-12
23563,1.2263235e-13
23564,7.7311204e-15
23565,0.99999255
23566,0.00019348363
23567,2.4157443e-12
23568,0.9999983
23569,1.0
23570,6.51003e-12
23571,1.4933489e-13
23572,0.9999999
23573,1.4354269e-10
23574,1.0
23575,0.9999891
23576,1.0
23577,1.2445772e-15
23578,1.5632376e-10
23579,0.9707357
23580,7.0687536e-16
23581,1.0930268e-12
23582,0.9999999
23583,1.04105e-15
23584,0.99999774
23585,0.00991134
23586,0.9999999
23587,1.7980094e-10
23588,0.9999998
23589,1.0
23590,1.2291999e-12
23591,3.6745842e-10
23592,1.1641924e-14
23593,5.8844644e-06
23594,1.0
23595,1.0
23596,0.9999998
23597,5.938834e-12
23598,3.3501014e-14
23599,1.0
23600,3.4315644e-13
23601,0.9999935
23602,0.000117892
23603,2.1954583e-18
23604,1.0
23605,5.7630674e-09
23606,1.1873965e-18
23607,7.28066e-08
23608,1.0882381e-12
23609,4.85605e-05
23610,0.8977467
23611,1.6309006e-14
23612,1.4079102e-10
23613,2.660583e-17
23614,0.9999767
23615,1.0
23616,2.5763023e-09
23617,0.99999994
23618,1.5652535e-11
23619,1.0
23620,0.9999999
23621,0.9999989
23622,0.99895686
23623,0.008208443
23624,6.501254e-09
23625,9.222689e-07
23626,8.1185964e-13
23627,1.0
23628,1.4104269e-09
23629,1.4384701e-06
23630,7.7612537e-13
23631,0.99993163
23632,3.1283807e-09
23633,3.0877962e-07
23634,3.0531666e-10
23635,0.9999999
23636,1.2232817e-13
23637,6.308455e-18
23638,0.9407835
23639,8.197459e-12
23640,0.9999963
23641,7.4578337e-13
23642,3.0230728e-11
23643,2.458125e-11
23644,2.1312245e-19
23645,1.0
23646,0.9999998
23647,4.8207313e-11
23648,0.9999997
23649,0.9999999
23650,1.6668184e-17
23651,5.4229545e-09
23652,5.3193575e-11
23653,0.9999994
23654,0.99999994
23655,2.1103722e-15
23656,3.6184105e-09
23657,1.0
23658,4.1896144e-13
23659,6.319062e-15
23660,0.99999994
23661,1.0
23662,0.9999995
23663,2.5145081e-15
23664,5.2474015e-17
23665,1.5689465e-13
23666,6.2997347e-15
23667,0.9999954
23668,1.2310966e-14
23669,4.501265e-11
23670,0.9999984
23671,0.99999994
23672,4.3713717e-06
23673,3.722683e-17
23674,2.2959769e-10
23675,1.0
23676,1.0
23677,1.0
23678,0.99998325
23679,1.0
23680,1.0
23681,4.8475746e-10
23682,8.725223e-11
23683,6.2246076e-11
23684,0.9997542
23685,1.6128354e-10
23686,1.0
23687,5.578298e-11
23688,0.9999996
23689,1.0
23690,2.9311234e-16
23691,3.8639336e-09
23692,1.0
23693,9.534599e-14
23694,4.0610912e-10
23695,1.3064346e-11
23696,5.620156e-13
23697,3.25389e-16
23698,6.5938677e-13
23699,2.423148e-14
23700,0.99998933
23701,4.0883833e-08
23702,1.0
23703,9.124929e-11
23704,1.0
23705,1.0
23706,1.0
23707,1.3320242e-06
23708,1.2157705e-10
23709,0.9889575
23710,1.0
23711,0.99999183
23712,1.0966526e-07
23713,1.0
23714,0.99999785
23715,1.3468896e-12
23716,0.9999997
23717,4.1287376e-13
23718,1.0
23719,1.0
23720,1.711286e-05
23721,1.0
23722,0.9999998
23723,4.076605e-14
23724,1.0
23725,1.846647e-10
23726,6.5489707e-09
23727,0.99999994
23728,0.99999976
23729,1.0
23730,1.0917352e-08
23731,7.595514e-07
23732,6.114322e-13
23733,1.0
23734,5.6729213e-08
23735,1.0
23736,0.99828976
23737,0.9999996
23738,1.2927678e-07
23739,7.953029e-08
23740,2.1495116e-07
23741,1.0
23742,0.99999994
23743,1.0
23744,5.6615164e-07
23745,0.99969697
23746,8.8305855e-14
23747,1.0
23748,1.0
23749,1.4534876e-16
23750,1.0
23751,0.9999999
23752,0.00020946642
23753,0.930248
23754,1.0
23755,5.2408e-17
23756,1.9950129e-12
23757,0.99999994
23758,0.9999999
23759,1.2475105e-14
23760,2.7830694e-14
23761,1.0
23762,3.5701564e-08
23763,2.4256047e-13
23764,0.99990535
23765,1.0
23766,0.9999983
23767,3.2460174e-12
23768,3.7261465e-11
23769,0.9999854
23770,1.4892799e-11
23771,1.5594775e-12
23772,5.2398077e-06
23773,4.4294572e-12
23774,0.9999974
23775,7.977258e-06
23776,4.697089e-09
23777,2.173662e-11
23778,1.0
23779,0.6076586
23780,1.8759334e-08
23781,9.937084e-09
23782,1.0
23783,0.9999999
23784,1.0
23785,4.3568922e-13
23786,1.5538992e-11
23787,1.0
23788,5.1029778e-14
23789,1.0
23790,1.8544271e-17
23791,0.9999999
23792,5.5477995e-16
23793,6.195982e-10
23794,2.0676496e-06
23795,0.99999994
23796,1.4699135e-13
23797,5.3605724e-09
23798,0.9999998
23799,9.7805625e-08
23800,0.0813112
23801,2.5498704e-08
23802,1.0
23803,2.318516e-15
23804,5.2422877e-10
23805,4.7643685e-15
23806,0.9999991
23807,2.5402596e-15
23808,1.3448462e-12
23809,2.4632259e-08
23810,3.5836565e-09
23811,1.27986155e-11
23812,1.2868954e-13
23813,0.99999934
23814,1.8700162e-07
23815,0.9999965
23816,0.9999999
23817,0.9999927
23818,0.9999997
23819,1.0
23820,1.0
23821,1.0
23822,1.0
23823,0.99999607
23824,6.8489303e-09
23825,1.0
23826,1.0
23827,0.99999994
23828,0.99999994
23829,0.9999997
23830,1.0
23831,1.0
23832,1.6783656e-11
23833,9.302129e-16
23834,0.99999994
23835,1.0
23836,1.0
23837,1.0
23838,1.3229845e-07
23839,2.6120133e-15
23840,0.9999992
23841,0.9999999
23842,1.0
23843,1.0
23844,0.9999999
23845,0.99980074
23846,2.2858144e-09
23847,1.0
23848,2.6095931e-11
23849,1.0
23850,5.6038576e-08
23851,0.9999903
23852,8.1879353e-10
23853,1.0596889e-12
23854,6.8461802e-15
23855,1.0
23856,1.2026145e-11
23857,0.00020589838
23858,3.541721e-14
23859,1.0
23860,0.00082883646
23861,3.716758e-07
23862,1.0
23863,1.0
23864,9.192353e-16
23865,3.3177036e-10
23866,0.99999994
23867,5.386982e-14
23868,0.9999999
23869,7.561307e-16
23870,0.99999994
23871,3.1877525e-13
23872,1.0
23873,0.9999998
23874,8.334777e-13
23875,9.750033e-09
23876,2.0189049e-14
23877,1.0
23878,0.9999819
23879,0.00014999522
23880,1.699222e-15
23881,0.99999994
23882,0.99999994
23883,1.3179434e-13
23884,5.9896793e-10
23885,1.0
23886,3.7385137e-10
23887,3.7000243e-09
23888,4.3286677e-06
23889,1.0
23890,1.0
23891,2.3943935e-13
23892,1.0
23893,0.9999999
23894,0.9999998
23895,1.7916273e-11
23896,0.013512341
23897,0.9999995
23898,0.9996549
23899,7.333653e-11
23900,0.0009948266
23901,1.6777776e-05
23902,1.3516414e-10
23903,0.9999731
23904,1.6796643e-09
23905,2.1656446e-05
23906,0.9999999
23907,1.0
23908,1.0
23909,0.99998534
23910,5.8671488e-12
23911,5.971007e-10
23912,0.39582148
23913,1.0
23914,0.99980307
23915,1.0
23916,2.3258442e-09
23917,1.7169253e-15
23918,1.0494339e-10
23919,1.0
23920,9.56526e-13
23921,1.0
23922,2.1153927e-12
23923,1.0
23924,2.424635e-12
23925,0.99999994
23926,1.0
23927,1.0
23928,0.99999994
23929,1.0
23930,0.99999887
23931,1.389095e-13
23932,3.021101e-15
23933,1.0
23934,5.0036243e-12
23935,1.6569378e-10
23936,1.0
23937,1.0
23938,0.05594823
23939,1.0
23940,1.6048768e-08
23941,7.169381e-09
23942,6.465238e-15
23943,6.685997e-14
23944,3.8887863e-15
23945,1.0
23946,1.0
23947,0.99998903
23948,1.0
23949,2.1433432e-12
23950,4.6805408e-14
23951,6.8570946e-05
23952,0.99999994
23953,1.0
23954,0.99974895
23955,8.8147815e-11
23956,1.8843867e-11
23957,1.4568931e-12
23958,0.99999934
23959,0.9999917
23960,0.0004847153
23961,1.0
23962,1.0
23963,1.0
23964,1.5512771e-13
23965,6.7587136e-09
23966,1.068282e-11
23967,0.99999994
23968,0.9200485
23969,2.4658132e-14
23970,1.0
23971,1.0
23972,1.0
23973,1.1620978e-11
23974,0.9999598
23975,2.088474e-10
23976,1.6575557e-12
23977,0.99999875
23978,0.99999994
23979,9.269541e-12
23980,1.5791088e-09
23981,3.1785303e-09
23982,0.9999946
23983,2.3501353e-12
23984,1.9455272e-06
23985,1.0
23986,1.0
23987,0.99999994
23988,1.0
23989,1.4885154e-08
23990,5.024462e-16
23991,0.0010827266
23992,9.010385e-11
23993,1.0
23994,1.7470277e-09
23995,0.9999999
23996,0.99999493
23997,4.4832273e-08
23998,4.3968718e-09
23999,6.3033858e-12
24000,0.0010824404
24001,1.4414134e-10
24002,3.038093e-09
24003,3.66377e-11
24004,0.99999976
24005,3.5434447e-10
24006,6.0392646e-12
24007,1.0
24008,1.0
24009,1.0
24010,1.0
24011,1.0
24012,5.5458923e-17
24013,1.0
24014,4.0870176e-12
24015,0.9999999
24016,9.467111e-11
24017,1.0
24018,2.855575e-10
24019,4.963157e-07
24020,7.380774e-15
24021,1.0
24022,0.9999997
24023,1.0
24024,8.739365e-07
24025,0.9999941
24026,1.9346501e-13
24027,0.99999917
24028,0.9999999
24029,9.3680445e-12
24030,2.0758648e-10
24031,1.0
24032,6.703109e-06
24033,0.9914539
24034,1.2735181e-11
24035,6.3317583e-07
24036,0.9999997
24037,6.9328604e-10
24038,4.938517e-15
24039,0.0005136977
24040,1.6322133e-11
24041,1.0
24042,0.9999994
24043,0.9999999
24044,3.1309176e-13
24045,7.870408e-12
24046,1.7781612e-13
24047,3.058564e-10
24048,0.99998546
24049,0.9999999
24050,1.0
24051,1.0
24052,0.99494195
24053,2.7408838e-14
24054,1.6549786e-15
24055,0.9999627
24056,5.63459e-10
24057,3.196008e-13
24058,2.871715e-10
24059,4.7755044e-15
24060,0.9900298
24061,0.99806106
24062,1.0
24063,4.4859266e-06
24064,0.99999994
24065,9.109583e-13
24066,2.0710864e-11
24067,1.7229615e-05
24068,1.9690577e-15
24069,1.0
24070,1.0
24071,4.430443e-05
24072,4.0927398e-10
24073,0.9999126
24074,2.5098184e-14
24075,1.072737e-15
24076,1.4594505e-14
24077,0.999999
24078,1.10024044e-13
24079,1.0
24080,1.0
24081,5.8311886e-17
24082,0.9999984
24083,1.0
24084,1.0847748e-09
24085,0.9999624
24086,1.3991093e-09
24087,5.3782314e-05
24088,5.315848e-11
24089,1.1906003e-11
24090,0.19250204
24091,0.99999976
24092,5.8459583e-12
24093,1.3515599e-09
24094,1.0
24095,4.320617e-11
24096,0.9998841
24097,3.8438599e-16
24098,0.9999999
24099,1.3962892e-12
24100,5.8253333e-12
24101,1.0
24102,1.0
24103,1.939787e-12
24104,1.1861837e-13
24105,1.05066e-13
24106,1.0
24107,1.0825668e-10
24108,2.633432e-16
24109,1.0
24110,4.6672235e-07
24111,1.0
24112,0.9999963
24113,1.3657729e-10
24114,0.9997537
24115,1.0
24116,2.8335917e-13
24117,1.6400236e-08
24118,4.4550775e-13
24119,1.0
24120,2.1527368e-13
24121,1.35651935e-05
24122,0.99999386
24123,0.9999954
24124,1.0
24125,2.9380257e-07
24126,0.9999999
24127,6.754946e-07
24128,1.0
24129,0.9999998
24130,1.0
24131,0.99911827
24132,2.8734943e-05
24133,3.1359887e-11
24134,3.0916154e-09
24135,0.9999995
24136,1.1027182e-08
24137,1.0
24138,1.0
24139,2.1901345e-10
24140,1.839592e-05
24141,4.8937177e-10
24142,2.7521187e-07
24143,1.0
24144,5.5755265e-13
24145,5.17763e-09
24146,0.99999887
24147,5.469974e-12
24148,1.8227906e-15
24149,1.0
24150,1.0
24151,1.0
24152,4.6388706e-20
24153,3.725112e-13
24154,1.0
24155,7.591573e-11
24156,5.0309615e-13
24157,1.0
24158,0.99999976
24159,1.0
24160,1.0
24161,0.9999997
24162,1.5010513e-16
24163,1.2246784e-16
24164,1.0
24165,1.5173865e-09
24166,8.7327486e-11
24167,1.0
24168,0.9999999
24169,3.9044594e-06
24170,1.0
24171,1.0
24172,5.0269072e-08
24173,1.0
24174,2.7259655e-12
24175,1.0
24176,0.99999994
24177,1.0
24178,6.524276e-07
24179,8.238561e-15
24180,2.9645478e-05
24181,0.011601584
24182,1.0
24183,0.99999994
24184,4.7047035e-08
24185,0.99999994
24186,1.0
24187,0.9999895
24188,3.350514e-16
24189,0.7192021
24190,1.0
24191,1.0
24192,2.8729942e-12
24193,4.0633963e-12
24194,2.7288902e-11
24195,6.4358797e-16
24196,0.99999976
24197,2.1846523e-10
24198,2.5621891e-09
24199,7.7279833e-07
24200,0.99999803
24201,1.0
24202,1.8413924e-14
24203,4.990595e-12
24204,3.395384e-07
24205,1.1722257e-13
24206,4.528899e-08
24207,1.328338e-10
24208,4.9904015e-13
24209,1.0
24210,4.894096e-08
24211,1.0
24212,1.0
24213,9.165181e-16
24214,0.9999994
24215,8.6029935e-13
24216,1.0
24217,1.9510454e-08
24218,0.96956897
24219,1.9091829e-11
24220,0.8347136
24221,0.998918
24222,1.1963632e-09
24223,1.3692634e-17
24224,2.55721e-08
24225,6.3191097e-15
24226,9.499484e-08
24227,1.9525287e-14
24228,3.5198782e-12
24229,1.0
24230,1.0
24231,1.0
24232,1.0
24233,8.859548e-15
24234,0.0082206605
24235,2.1685618e-09
24236,1.0
24237,1.6547339e-06
24238,8.955011e-11
24239,5.826431e-13
24240,0.9999984
24241,4.3985093e-12
24242,0.99999994
24243,0.99937683
24244,0.99999994
24245,1.3151876e-15
24246,1.395149e-13
24247,7.485664e-10
24248,0.9999965
24249,0.99999994
24250,9.94411e-18
24251,1.0
24252,9.304645e-13
24253,1.0
24254,8.517176e-14
24255,3.7897544e-13
24256,2.1139068e-14
24257,0.9999999
24258,7.089513e-06
24259,0.99305975
24260,1.0
24261,1.0
24262,1.0
24263,1.0
24264,1.0
24265,4.7517745e-10
24266,6.612289e-14
24267,0.999999
24268,6.5941294e-06
24269,2.0115999e-12
24270,1.0
24271,1.0
24272,1.0
24273,1.0
24274,1.3591083e-09
24275,0.999988
24276,3.310851e-10
24277,1.0
24278,0.99999046
24279,0.0002234758
24280,3.1347017e-08
24281,0.9999998
24282,3.795441e-24
24283,0.9992886
24284,0.00018946687
24285,2.4751158e-17
24286,1.0
24287,5.604948e-08
24288,7.782626e-10
24289,0.9999994
24290,0.99998546
24291,1.9165276e-18
24292,9.756676e-08
24293,1.0
24294,4.0819795e-11
24295,1.0
24296,0.99999785
24297,2.872726e-08
24298,4.9687777e-08
24299,2.1701308e-06
24300,1.06167e-07
24301,0.9950216
24302,6.723782e-16
24303,3.536144e-11
24304,5.40995e-12
24305,1.3476548e-09
24306,5.418585e-15
24307,1.0
24308,1.0
24309,1.6955895e-15
24310,1.396168e-14
24311,1.1649961e-11
24312,0.014888813
24313,0.99999785
24314,0.005912445
24315,0.99999946
24316,7.904009e-14
24317,6.9742134e-10
24318,0.9999999
24319,0.99999887
24320,0.99999976
24321,0.999998
24322,1.0
24323,0.0030068222
24324,7.8221826e-14
24325,0.99998176
24326,0.99999946
24327,3.0433256e-12
24328,1.0751397e-19
24329,1.0
24330,0.99668705
24331,0.9999991
24332,0.9999988
24333,1.0
24334,0.00014214353
24335,5.653057e-07
24336,1.1514718e-15
24337,1.6296269e-07
24338,0.9999942
24339,1.0
24340,4.6701887e-10
24341,0.99999994
24342,1.5653202e-10
24343,1.5636308e-14
24344,1.0
24345,1.0
24346,0.4959416
24347,1.4408066e-13
24348,5.0391295e-11
24349,8.573423e-14
24350,0.99999994
24351,4.1407944e-10
24352,0.99999833
24353,3.2985451e-15
24354,4.0670117e-11
24355,1.0
24356,0.99999994
24357,8.127528e-15
24358,2.956986e-13
24359,1.0
24360,5.049041e-14
24361,0.999975
24362,0.99999994
24363,0.99999964
24364,0.99999994
24365,0.99948263
24366,1.0
24367,2.4894475e-13
24368,1.0
24369,0.9999898
24370,0.9999991
24371,1.4560247e-06
24372,1.0
24373,0.9999895
24374,2.0998228e-09
24375,3.2378766e-14
24376,0.99999917
24377,2.697922e-10
24378,1.0
24379,3.6330293e-05
24380,2.2067363e-05
24381,1.0
24382,4.864483e-08
24383,2.8749795e-15
24384,0.99999994
24385,5.1299867e-07
24386,4.5984426e-17
24387,2.2829691e-09
24388,1.5233354e-15
24389,5.5446844e-07
24390,4.7245306e-16
24391,1.0
24392,1.2081385e-06
24393,8.79415e-13
24394,6.5166504e-20
24395,0.00020384307
24396,0.99999994
24397,0.9999689
24398,3.5375592e-08
24399,2.8073482e-18
24400,0.0011392127
24401,0.00462159
24402,3.3731233e-08
24403,6.839665e-06
24404,1.0
24405,1.2613344e-11
24406,1.8032512e-09
24407,0.9999998
24408,1.0
24409,1.0
24410,1.8166698e-13
24411,5.442961e-14
24412,1.0086365e-09
24413,1.0
24414,1.0
24415,0.99999803
24416,1.9407061e-11
24417,1.0
24418,1.0
24419,1.0
24420,0.999998
24421,3.9981946e-12
24422,4.0214856e-11
24423,0.9999999
24424,1.0180243e-12
24425,1.0
24426,0.9999981
24427,1.0
24428,1.0
24429,1.0
24430,1.3661834e-08
24431,1.0
24432,5.5088543e-14
24433,1.0014872e-11
24434,0.99999976
24435,1.0
24436,0.9999999
24437,8.9299104e-17
24438,0.99999994
24439,6.98826e-14
24440,9.5868403e-11
24441,5.894399e-14
24442,8.323037e-09
24443,0.9997375
24444,1.0
24445,0.99999994
24446,3.747037e-10
24447,1.6455395e-14
24448,0.9999988
24449,1.0
24450,2.1754842e-07
24451,1.0
24452,2.1044826e-12
24453,0.99999994
24454,0.9999983
24455,1.0656978e-10
24456,1.345338e-13
24457,0.99999994
24458,3.2349913e-08
24459,5.526098e-08
24460,0.99999976
24461,0.9999999
24462,1.0
24463,1.0
24464,6.867652e-16
24465,1.0
24466,0.99999964
24467,1.9309213e-05
24468,3.295458e-06
24469,3.3977934e-10
24470,5.5532573e-10
24471,0.0007245741
24472,3.965951e-17
24473,8.625346e-15
24474,0.9999993
24475,3.3965086e-06
24476,6.059867e-14
24477,1.0
24478,1.0
24479,1.6449444e-09
24480,2.3073756e-12
24481,0.13702364
24482,2.9121436e-05
24483,1.0
24484,0.9999997
24485,0.99999994
24486,0.99999976
24487,0.9999821
24488,4.5260876e-10
24489,1.0688971e-08
24490,1.0
24491,1.0
24492,9.7419204e-14
24493,5.3760097e-14
24494,3.7224108e-18
24495,0.99999994
24496,1.0
24497,7.180721e-18
24498,2.5772097e-14
24499,5.4851403e-13
24500,0.99999994
24501,1.0
24502,2.7189595e-09
24503,1.0
24504,0.99999994
24505,1.0
24506,1.0
24507,1.6924554e-11
24508,2.3224209e-10
24509,1.339267e-10
24510,0.99999934
24511,0.0118097095
24512,0.9999953
24513,7.037994e-07
24514,1.0
24515,6.549561e-12
24516,1.0
24517,8.66103e-09
24518,1.0
24519,1.0
24520,1.0
24521,1.0
24522,3.0726994e-08
24523,0.9998183
24524,1.0
24525,1.4780897e-12
24526,8.809974e-11
24527,0.99999994
24528,0.0011072034
24529,2.4687497e-14
24530,2.3579038e-15
24531,0.999999
24532,0.99999815
24533,5.504821e-10
24534,1.0
24535,0.9999992
24536,0.9999671
24537,7.8607225e-11
24538,0.9999999
24539,1.5293377e-12
24540,2.060825e-15
24541,7.675403e-12
24542,0.9999993
24543,4.1173996e-12
24544,1.8080668e-08
24545,5.7648704e-09
24546,0.99999875
24547,1.4007193e-09
24548,7.736723e-12
24549,1.0
24550,9.0646905e-17
24551,1.0
24552,1.0
24553,8.563886e-12
24554,1.1954165e-09
24555,4.125304e-14
24556,0.99862885
24557,1.0
24558,3.8136417e-12
24559,0.99991244
24560,0.9999958
24561,1.3311835e-06
24562,0.99999946
24563,0.99993026
24564,1.0
24565,2.0170469e-13
24566,1.0
24567,0.99999875
24568,4.913406e-07
24569,7.5961444e-16
24570,8.469545e-11
24571,1.0
24572,5.676146e-12
24573,1.0
24574,9.254772e-12
24575,1.0
24576,0.98224473
24577,1.8076864e-13
24578,0.99999994
24579,1.0
24580,4.6465376e-21
24581,1.0
24582,0.9999985
24583,1.0
24584,1.0
24585,0.999999
24586,0.9999924
24587,5.273134e-14
24588,3.313801e-05
24589,0.9999951
24590,2.2435076e-08
24591,1.0
24592,7.910114e-11
24593,3.8899297e-11
24594,1.0625174e-10
24595,0.9999962
24596,1.0
24597,1.9836309e-15
24598,1.0
24599,5.704691e-12
24600,1.5337696e-08
24601,1.7715289e-10
24602,0.99996954
24603,1.0151081e-16
24604,5.14163e-13
24605,5.919882e-15
24606,1.0
24607,1.0
24608,7.76873e-14
24609,1.0
24610,0.99999744
24611,0.9999986
24612,1.0
24613,0.99999744
24614,1.0
24615,0.99994737
24616,8.6607854e-16
24617,4.0860726e-13
24618,0.0012024771
24619,0.9999981
24620,2.9233068e-12
24621,3.0897932e-17
24622,4.2448402e-14
24623,1.0
24624,1.4406596e-11
24625,3.212166e-07
24626,0.9999958
24627,6.4763186e-16
24628,5.732434e-10
24629,0.99999875
24630,1.0
24631,4.885508e-11
24632,0.99999994
24633,1.0
24634,1.8787531e-14
24635,0.99999833
24636,1.0
24637,1.0
24638,6.6546686e-12
24639,0.99999845
24640,1.0
24641,1.0
24642,0.9999987
24643,1.0
24644,0.99999994
24645,0.99999994
24646,0.99999964
24647,1.0
24648,1.0
24649,2.446966e-07
24650,2.9031646e-08
24651,1.9970464e-08
24652,0.99999684
24653,1.0
24654,1.0
24655,0.99999994
24656,1.0
24657,0.9995157
24658,0.9999969
24659,4.539073e-07
24660,1.05055066e-19
24661,6.2741403e-13
24662,9.378146e-12
24663,1.0
24664,3.049549e-12
24665,0.99999994
24666,1.0
24667,1.9944337e-13
24668,1.0
24669,1.8574855e-13
24670,1.0
24671,2.0893372e-15
24672,0.9999999
24673,1.0
24674,1.5552822e-17
24675,6.94232e-14
24676,1.9204606e-15
24677,4.7227027e-12
24678,2.41695e-13
24679,1.4276718e-11
24680,0.9999995
24681,2.3537526e-14
24682,1.0
24683,1.0174541e-15
24684,0.9999999
24685,1.905486e-06
24686,0.99999994
24687,3.154452e-12
24688,0.9999995
24689,2.130171e-12
24690,9.962855e-09
24691,1.0
24692,2.0038978e-13
24693,0.9999943
24694,1.0
24695,0.9999959
24696,1.0
24697,1.9875595e-06
24698,6.257003e-13
24699,1.0
24700,0.99998677
24701,2.5283022e-14
24702,0.9999995
24703,0.99999994
24704,1.05619794e-16
24705,4.6197153e-14
24706,2.4297124e-09
24707,4.8243852e-14
24708,0.99999994
24709,5.0249243e-15
24710,1.0
24711,0.99999994
24712,7.0006206e-07
24713,9.5230286e-07
24714,1.0
24715,1.0
24716,2.2557874e-12
24717,0.89670247
24718,1.0
24719,0.9999962
24720,3.0968602e-14
24721,0.028271679
24722,4.252443e-13
24723,1.3988448e-13
24724,7.9177245e-14
24725,1.6932942e-08
24726,0.9999831
24727,1.6404256e-10
24728,0.9999997
24729,1.0
24730,0.99999803
24731,1.7512654e-08
24732,1.0
24733,5.3432744e-15
24734,0.99999976
24735,1.0
24736,0.99999994
24737,1.0
24738,1.0
24739,1.0582546e-05
24740,4.54948e-11
24741,6.889941e-09
24742,1.0
24743,0.99999964
24744,1.4076491e-07
24745,1.0
24746,0.99997425
24747,2.6701104e-05
24748,1.0
24749,1.4750778e-10
24750,1.8823552e-09
24751,3.4619844e-12
24752,3.0235017e-07
24753,4.3027915e-09
24754,1.0
24755,6.46794e-11
24756,3.3452494e-10
24757,0.999977
24758,0.9999999
24759,1.0
24760,1.0512438e-12
24761,0.99999994
24762,2.4191237e-08
24763,0.99999976
24764,8.740914e-11
24765,0.00078285893
24766,1.5270998e-15
24767,1.3406447e-10
24768,0.00011015089
24769,1.4547118e-06
24770,1.5146992e-18
24771,1.3864679e-15
24772,3.750837e-16
24773,3.5370817e-11
24774,0.3148555
24775,7.893409e-16
24776,2.8360396e-14
24777,0.0018920421
24778,0.1388733
24779,0.9998682
24780,3.633929e-14
24781,1.0
24782,4.318055e-11
24783,3.416817e-13
24784,1.5101568e-09
24785,0.9999999
24786,3.180521e-12
24787,0.99999976
24788,0.9997857
24789,1.0
24790,5.5149385e-06
24791,5.297965e-10
24792,1.31822e-07
24793,8.073829e-13
24794,0.99999994
24795,0.99999845
24796,1.4445588e-06
24797,3.1663454e-08
24798,3.9040346e-12
24799,1.0
24800,5.3903184e-12
24801,1.0
24802,5.727665e-15
24803,1.0
24804,0.99999994
24805,0.99999994
24806,0.9999998
24807,4.53151e-11
24808,0.9999998
24809,1.867182e-10
24810,0.99999976
24811,1.2053599e-13
24812,0.9999999
24813,0.9999963
24814,6.194787e-14
24815,0.9999971
24816,4.259442e-12
24817,0.9999709
24818,0.9981243
24819,1.6444447e-10
24820,1.0
24821,1.0493834e-11
24822,1.0
24823,0.99999994
24824,1.0
24825,1.0083667e-10
24826,1.9415717e-08
24827,2.1938773e-13
24828,0.9999968
24829,3.7445794e-10
24830,0.98832047
24831,1.128646e-09
24832,2.616518e-13
24833,1.0
24834,1.6173953e-09
24835,0.51800317
24836,1.0
24837,1.7636876e-09
24838,1.0
24839,0.99999994
24840,1.0
24841,0.9999998
24842,0.9999996
24843,0.99900526
24844,1.0
24845,1.2782643e-10
24846,6.641516e-13
24847,1.0
24848,2.498843e-13
24849,1.0
24850,2.4820962e-15
24851,1.9256511e-11
24852,1.0
24853,1.0
24854,1.1285261e-08
24855,0.9999998
24856,1.2235766e-12
24857,9.344564e-11
24858,1.6415608e-15
24859,4.175136e-09
24860,1.257837e-10
24861,0.07807311
24862,3.3054955e-13
24863,1.0
24864,0.9999999
24865,7.301875e-07
24866,0.00011045876
24867,1.0
24868,0.99999917
24869,1.00240864e-10
24870,0.9999984
24871,0.99999994
24872,1.4367472e-10
24873,1.0
24874,1.0
24875,7.848855e-15
24876,1.0
24877,1.0
24878,0.99997663
24879,0.0062695104
24880,1.0
24881,1.0
24882,1.8634985e-15
24883,0.99999183
24884,0.99999994
24885,2.900964e-14
24886,1.582574e-12
24887,0.99999994
24888,0.9999929
24889,4.6944896e-07
24890,6.8150686e-11
24891,1.0
24892,2.0055564e-10
24893,1.0
24894,5.2002593e-11
24895,0.99999744
24896,0.0013564801
24897,1.0
24898,1.885618e-09
24899,9.804091e-13
24900,1.0
24901,1.3158563e-09
24902,1.0
24903,0.9999917
24904,1.0
24905,0.0011538012
24906,0.9999926
24907,0.000905774
24908,1.0
24909,1.2188673e-07
24910,0.99999994
24911,0.99999917
24912,0.9952046
24913,3.6784698e-07
24914,0.9691214
24915,0.99999857
24916,3.3388268e-16
24917,7.6236527e-19
24918,1.0
24919,1.0
24920,6.0435767e-15
24921,3.2335844e-12
24922,7.6639005e-17
24923,1.0
24924,1.0
24925,1.0
24926,0.99996775
24927,9.983997e-15
24928,0.99999857
24929,0.99995315
24930,1.0
24931,7.0050276e-16
24932,8.489222e-16
24933,1.0
24934,5.3075864e-06
24935,4.716475e-11
24936,0.9999999
24937,0.99999994
24938,1.0
24939,5.0989643e-06
24940,7.8148945e-09
24941,1.2575492e-10
24942,0.0007585881
24943,0.99999994
24944,0.9998961
24945,1.0
24946,1.0
24947,8.8503654e-10
24948,0.99999994
24949,5.6937444e-16
24950,0.9999996
24951,6.411598e-15
24952,2.3488508e-14
24953,2.9160214e-13
24954,4.7293554e-08
24955,4.4741952e-09
24956,0.9998841
24957,0.9999759
24958,6.789918e-13
24959,0.9999998
24960,0.9995118
24961,5.6353698e-12
24962,1.3308304e-05
24963,0.99999964
24964,2.4060493e-13
24965,8.332559e-15
24966,1.0
24967,0.9999203
24968,0.0008227797
24969,1.0
24970,0.99999976
24971,3.5008e-10
24972,1.0
24973,0.9999999
24974,1.0226488e-15
24975,1.0
24976,0.9999971
24977,6.887171e-16
24978,1.0
24979,2.6617725e-12
24980,5.1785235e-15
24981,8.035169e-15
24982,0.00027445648
24983,1.0
24984,1.0
24985,0.99999994
24986,1.0
24987,1.0978156e-12
24988,1.5583007e-15
24989,0.99999946
24990,0.99999577
24991,2.4743835e-10
24992,5.345456e-15
24993,0.99999994
24994,2.1509251e-11
24995,1.7206842e-09
24996,4.4344682e-13
24997,3.9348858e-09
24998,0.9999994
24999,0.9999999
25000,1.0
25001,1.3391175e-16
25002,0.9999983
25003,0.9999999
25004,0.99999994
25005,3.7973075e-06
25006,2.1678845e-06
25007,0.99999934
25008,0.9999999
25009,0.9999937
25010,0.9999998
25011,0.99973726
25012,9.676711e-11
25013,4.6092028e-12
25014,1.0
25015,0.99999994
25016,6.5725494e-08
25017,1.0
25018,1.0
25019,2.1468774e-13
25020,0.9999999
25021,0.9999969
25022,1.0
25023,2.9656247e-19
25024,1.0
25025,1.0
25026,2.5721212e-11
25027,1.0
25028,0.9999999
25029,7.795971e-13
25030,1.7117419e-08
25031,0.99999976
25032,7.856425e-17
25033,1.4988407e-06
25034,1.2232317e-15
25035,0.99999994
25036,9.974632e-15
25037,3.6701624e-11
25038,1.0
25039,0.99999976
25040,4.6428437e-13
25041,4.3055806e-10
25042,0.9999982
25043,3.1608977e-07
25044,4.032755e-14
25045,0.999999
25046,1.0
25047,0.9999981
25048,1.1117913e-11
25049,1.0
25050,0.99999994
25051,0.99999934
25052,1.2394961e-18
25053,7.966141e-13
25054,0.9999995
25055,1.0
25056,0.99997866
25057,1.0
25058,8.0636875e-13
25059,0.9999984
25060,9.916651e-13
25061,1.0
25062,0.99997485
25063,1.9467743e-08
25064,1.0
25065,1.0
25066,0.9999779
25067,0.9951794
25068,0.99999994
25069,0.99999815
25070,1.38721395e-11
25071,1.0
25072,1.4565363e-10
25073,8.239937e-17
25074,0.9952959
25075,5.539621e-10
25076,7.0395044e-12
25077,1.0
25078,1.5010406e-11
25079,3.7645248e-13
25080,2.3144068e-11
25081,1.0
25082,9.077539e-15
25083,1.3379037e-10
25084,0.99999994
25085,3.735111e-07
25086,1.0
25087,0.9999934
25088,1.0
25089,1.3121207e-11
25090,0.9999953
25091,3.4011924e-13
25092,1.0
25093,0.9999925
25094,5.2163537e-06
25095,0.99999994
25096,1.0
25097,1.0
25098,2.8086246e-13
25099,5.7651254e-16
25100,0.99999934
25101,1.0
25102,0.999901
25103,3.791867e-16
25104,0.99969363
25105,1.0
25106,1.2014746e-08
25107,3.5003607e-09
25108,1.0
25109,1.0
25110,2.2721827e-09
25111,7.4776036e-13
25112,3.42536e-12
25113,4.0781465e-13
25114,1.0
25115,2.3325235e-15
25116,1.2818331e-15
25117,1.0
25118,1.0
25119,6.2775756e-13
25120,1.838384e-11
25121,0.9999998
25122,1.1327202e-05
25123,1.0
25124,1.0
25125,1.0
25126,1.0333539e-16
25127,1.0
25128,1.2636895e-11
25129,0.00027320647
25130,0.9955304
25131,1.0
25132,4.794824e-08
25133,5.2179523e-08
25134,1.0
25135,8.4411677e-13
25136,2.1739156e-14
25137,1.0
25138,1.0
25139,0.9999999
25140,8.495348e-15
25141,6.9077764e-11
25142,5.013671e-13
25143,1.0
25144,0.9996795
25145,1.0
25146,9.672602e-10
25147,1.1711871e-12
25148,2.8793562e-05
25149,0.99999523
25150,4.1413175e-09
25151,1.0
25152,0.9999992
25153,1.1060814e-09
25154,0.999981
25155,5.6826566e-12
25156,1.6188096e-08
25157,2.0626341e-11
25158,0.9999464
25159,4.7070227e-14
25160,1.315298e-07
25161,1.0
25162,1.9686662e-16
25163,1.6810034e-10
25164,1.0
25165,1.2490528e-11
25166,1.108121e-05
25167,1.2477498e-08
25168,3.5342691e-06
25169,0.99999994
25170,1.0
25171,1.8208237e-15
25172,0.9992891
25173,8.104864e-15
25174,1.0
25175,1.4462303e-17
25176,1.7651591e-12
25177,1.0
25178,1.0
25179,1.0
25180,0.9999999
25181,0.9999982
25182,1.0
25183,6.282906e-13
25184,0.9998843
25185,0.00043481757
25186,0.99996793
25187,2.5341066e-13
25188,1.0
25189,1.5769145e-17
25190,5.557006e-11
25191,1.0
25192,1.0
25193,0.99942243
25194,0.99999994
25195,1.0
25196,1.1170035e-14
25197,1.0
25198,1.0
25199,1.0
25200,0.0019298218
25201,1.0
25202,1.0
25203,3.1020318e-11
25204,1.0
25205,0.9999769
25206,1.3068195e-07
25207,2.0966156e-06
25208,0.99999666
25209,3.8572e-11
25210,5.817214e-13
25211,1.7954124e-13
25212,1.0
25213,0.9967996
25214,1.0
25215,1.0605407e-07
25216,3.4145137e-15
25217,0.00020660833
25218,1.0
25219,3.5592793e-11
25220,8.301919e-09
25221,1.0
25222,1.0
25223,1.0
25224,1.0
25225,4.9443305e-12
25226,0.9999998
25227,1.527165e-10
25228,1.2784305e-13
25229,1.0
25230,2.3465752e-11
25231,5.1747143e-14
25232,3.5759301e-06
25233,1.0252313e-14
25234,0.99999577
25235,1.5325786e-13
25236,1.0
25237,0.9999998
25238,0.99999905
25239,0.9999863
25240,1.0
25241,3.106036e-10
25242,7.427941e-08
25243,0.99999964
25244,8.799368e-13
25245,1.976611e-14
25246,0.99999994
25247,1.6121392e-15
25248,0.99999994
25249,2.5083016e-10
25250,0.99950385
25251,1.0
25252,1.0
25253,2.0170638e-08
25254,2.912443e-16
25255,1.0
25256,0.9999998
25257,0.99968576
25258,1.0
25259,1.5347438e-16
25260,5.825631e-09
25261,2.002363e-06
25262,1.0509352e-08
25263,0.9999988
25264,4.9595975e-14
25265,0.9999998
25266,1.0
25267,0.9999999
25268,1.504651e-13
25269,1.0
25270,0.00012949469
25271,2.6589815e-12
25272,1.0
25273,1.0
25274,2.2712587e-10
25275,0.9999997
25276,4.081382e-14
25277,1.0
25278,0.99999946
25279,9.55667e-17
25280,1.0
25281,1.0
25282,1.0
25283,1.0
25284,0.99999976
25285,9.3115425e-15
25286,0.99999976
25287,9.699945e-10
25288,0.9999985
25289,1.7821694e-11
25290,2.4976113e-11
25291,0.9999998
25292,1.9377596e-13
25293,8.620586e-09
25294,2.397221e-10
25295,1.3567182e-12
25296,0.99999946
25297,1.0
25298,0.99999815
25299,0.99999857
25300,5.074172e-07
25301,6.7903944e-10
25302,7.001136e-10
25303,6.928225e-05
25304,6.250357e-10
25305,3.2145595e-15
25306,1.0
25307,0.99999994
25308,4.239791e-10
25309,3.741952e-10
25310,9.939396e-07
25311,0.00028845572
25312,1.9584198e-12
25313,0.9996
25314,0.99999994
25315,0.99999994
25316,1.51313e-12
25317,0.99999994
25318,0.99999994
25319,7.7053465e-07
25320,1.0892765e-12
25321,1.0
25322,7.620606e-14
25323,1.0
25324,1.15349015e-14
25325,4.044133e-07
25326,1.0637235e-11
25327,1.267402e-15
25328,1.3305489e-06
25329,2.359643e-09
25330,0.99999726
25331,1.8339392e-06
25332,1.0
25333,1.6463537e-09
25334,4.2958726e-07
25335,1.0
25336,1.0
25337,0.9999997
25338,1.3799521e-14
25339,0.99999994
25340,3.546964e-08
25341,1.0
25342,8.310997e-13
25343,4.045027e-14
25344,0.99999994
25345,1.0
25346,1.0
25347,1.0
25348,1.232731e-12
25349,1.0
25350,0.9985071
25351,0.0009484279
25352,1.0203937e-09
25353,0.9999946
25354,1.0
25355,0.9999999
25356,6.004314e-08
25357,5.6086585e-12
25358,1.0
25359,1.0
25360,1.0
25361,0.9999998
25362,5.803032e-12
25363,1.0
25364,1.2720111e-06
25365,1.6602737e-12
25366,1.7422286e-10
25367,0.9999989
25368,1.2703431e-10
25369,1.1852558e-18
25370,4.5005614e-05
25371,0.003551523
25372,3.068025e-20
25373,0.99999654
25374,1.2050911e-09
25375,0.9999999
25376,4.831449e-10
25377,1.0
25378,1.4880045e-08
25379,4.482889e-10
25380,0.99999976
25381,4.516456e-06
25382,1.0
25383,0.99999875
25384,0.005453298
25385,1.8772836e-11
25386,0.99999994
25387,0.9999999
25388,3.025006e-18
25389,0.99992394
25390,2.2667857e-12
25391,2.1728231e-12
25392,1.4267992e-07
25393,0.9999974
25394,2.4148882e-15
25395,1.0
25396,0.99999976
25397,1.0
25398,1.3721131e-13
25399,1.3515584e-11
25400,1.0
25401,1.0
25402,1.0
25403,1.0
25404,1.0
25405,1.0
25406,1.0
25407,2.0146437e-13
25408,3.860729e-09
25409,1.0
25410,0.9999956
25411,3.535746e-05
25412,1.1648472e-05
25413,1.0
25414,0.9999996
25415,1.0
25416,3.4073248e-06
25417,2.1203657e-08
25418,2.4768271e-12
25419,1.4327818e-10
25420,1.0
25421,1.0
25422,5.488989e-10
25423,2.653187e-11
25424,1.0
25425,3.2934857e-14
25426,1.0
25427,1.0
25428,1.0
25429,1.0
25430,1.0
25431,1.0
25432,9.086715e-12
25433,5.282034e-05
25434,3.2332408e-11
25435,0.9999998
25436,7.864377e-12
25437,1.0
25438,1.0
25439,3.3261234e-18
25440,1.0
25441,1.6461591e-09
25442,3.7674223e-08
25443,0.00011990118
25444,4.0981993e-18
25445,1.0
25446,1.076974e-20
25447,1.0
25448,6.6614345e-09
25449,2.979553e-13
25450,9.739979e-08
25451,0.9999981
25452,4.289834e-14
25453,1.0
25454,1.5407383e-13
25455,1.8295967e-15
25456,5.00725e-09
25457,1.0
25458,0.9999997
25459,1.0
25460,3.512886e-14
25461,1.0
25462,1.175137e-11
25463,5.642556e-06
25464,0.99999976
25465,2.7444787e-06
25466,0.9999861
25467,6.2939154e-17
25468,1.0
25469,8.098209e-14
25470,1.0
25471,1.0
25472,7.471919e-07
25473,1.1480765e-12
25474,0.99999875
25475,1.0
25476,5.9898676e-16
25477,1.0
25478,1.1080193e-14
25479,3.3752198e-13
25480,1.0
25481,0.9999845
25482,1.0
25483,0.99998844
25484,2.7622572e-12
25485,1.0
25486,0.99999994
25487,0.037387438
25488,6.7651085e-10
25489,1.3290685e-07
25490,0.00016506546
25491,1.0
25492,0.9999996
25493,1.1353591e-12
25494,1.8455489e-06
25495,0.99999934
25496,0.99999994
25497,0.99999994
25498,0.9999986
25499,1.0
25500,3.068946e-11
25501,0.105105765
25502,0.9999998
25503,1.0
25504,5.309748e-11
25505,1.0
25506,0.99999994
25507,0.9999924
25508,1.0
25509,2.0108175e-06
25510,1.0
25511,1.0
25512,0.99999994
25513,1.0
25514,5.2263827e-06
25515,1.4947054e-09
25516,1.0
25517,5.3555282e-11
25518,9.100293e-07
25519,1.0
25520,1.0
25521,2.4173215e-15
25522,1.0
25523,1.2326244e-13
25524,1.0
25525,3.8406733e-07
25526,1.0
25527,1.4031792e-13
25528,6.4926295e-09
25529,0.9990787
25530,9.718959e-15
25531,8.217395e-14
25532,1.0
25533,3.9342457e-10
25534,0.99996537
25535,0.99999976
25536,1.0
25537,0.00022403945
25538,1.0
25539,1.0953695e-14
25540,4.8200865e-05
25541,1.0
25542,1.4362087e-16
25543,1.0
25544,0.9999932
25545,3.0552394e-05
25546,1.0
25547,1.0
25548,8.0596486e-08
25549,0.9996386
25550,2.751736e-11
25551,1.0
25552,1.5288352e-17
25553,2.513522e-10
25554,1.774442e-12
25555,1.1346211e-08
25556,1.0
25557,1.4324443e-16
25558,0.99999905
25559,1.0
25560,1.1713887e-05
25561,0.99999857
25562,0.9999999
25563,5.338828e-09
25564,1.2351033e-08
25565,2.668333e-06
25566,0.99999964
25567,8.109933e-16
25568,1.0
25569,1.0
25570,1.0
25571,9.399582e-12
25572,1.0
25573,0.76982915
25574,3.7976747e-11
25575,1.0
25576,0.99999994
25577,0.99999994
25578,3.524093e-14
25579,1.0
25580,1.8236738e-05
25581,1.0
25582,2.8819527e-11
25583,1.0
25584,1.0
25585,8.604615e-10
25586,4.3695816e-10
25587,1.0
25588,8.650616e-12
25589,8.4435636e-10
25590,4.76762e-16
25591,0.99999994
25592,2.659657e-06
25593,3.367262e-15
25594,9.051221e-12
25595,1.0
25596,3.3598849e-06
25597,1.0
25598,1.0
25599,7.5627604e-06
25600,0.9999979
25601,0.9999999
25602,3.2454275e-07
25603,0.9999947
25604,0.02510832
25605,4.0938328e-10
25606,9.197028e-10
25607,4.1846295e-07
25608,1.0
25609,1.0
25610,1.657997e-10
25611,1.0
25612,1.0
25613,1.1203925e-13
25614,0.99999994
25615,1.1204391e-10
25616,1.0441234e-13
25617,0.9898832
25618,2.1357735e-08
25619,4.2269484e-08
25620,1.0
25621,9.8505114e-11
25622,1.0
25623,1.0
25624,1.0
25625,1.0
25626,1.0
25627,0.99999994
25628,1.9315087e-07
25629,1.0
25630,1.0
25631,1.0
25632,1.0
25633,1.0
25634,1.0
25635,1.0
25636,0.0005136146
25637,5.9563927e-09
25638,1.5292964e-07
25639,0.99999994
25640,1.0
25641,7.648436e-05
25642,2.8777096e-09
25643,1.0
25644,7.017339e-10
25645,1.0
25646,0.00028447562
25647,2.490991e-13
25648,1.15366196e-10
25649,0.9999999
25650,1.0
25651,1.7433603e-08
25652,2.4371014e-09
25653,1.0
25654,2.2256848e-14
25655,0.9999646
25656,0.99999994
25657,3.6872354e-14
25658,0.9997125
25659,1.577396e-09
25660,1.0144617e-12
25661,8.923625e-14
25662,1.0
25663,0.031217339
25664,5.1756765e-06
25665,1.5333474e-09
25666,1.0
25667,5.6409993e-10
25668,1.7537282e-13
25669,1.5011331e-10
25670,2.8706703e-13
25671,5.5517804e-12
25672,1.0
25673,1.0
25674,5.1337515e-13
25675,1.0723929e-16
25676,5.00088e-14
25677,4.1924905e-10
25678,1.0
25679,1.2530282e-07
25680,4.1970473e-08
25681,0.9999917
25682,0.99884033
25683,1.0195022e-06
25684,5.3004208e-14
25685,1.0
25686,1.0
25687,3.0306832e-14
25688,0.999996
25689,2.5916056e-16
25690,8.9613034e-10
25691,2.6463803e-10
25692,9.3066986e-14
25693,8.177704e-12
25694,0.9995988
25695,0.9999912
25696,9.677302e-11
25697,0.9995757
25698,1.0955231e-06
25699,0.9999999
25700,0.99999994
25701,9.865873e-15
25702,1.0
25703,1.720843e-06
25704,1.0709377e-08
25705,9.7137366e-14
25706,0.9999363
25707,3.7055754e-09
25708,1.0
25709,1.0
25710,1.0
25711,1.0
25712,1.0
25713,4.9862084e-08
25714,0.99999994
25715,1.0
25716,6.4583063e-09
25717,1.0
25718,1.0
25719,4.4335e-11
25720,0.9987226
25721,1.2494721e-11
25722,6.660934e-05
25723,1.2934886e-12
25724,1.0
25725,0.9999579
25726,1.0
25727,1.9606255e-15
25728,2.5819035e-14
25729,8.488322e-07
25730,1.0
25731,1.0
25732,0.99999994
25733,2.7769134e-10
25734,1.0
25735,2.7937863e-10
25736,9.9116305e-11
25737,0.9999999
25738,3.6167748e-17
25739,1.0
25740,0.99999994
25741,1.6781344e-08
25742,1.2170598e-11
25743,1.0
25744,5.399476e-08
25745,4.4240417e-07
25746,2.0332275e-17
25747,1.0
25748,9.447349e-17
25749,8.006562e-11
25750,0.9999981
25751,0.99999994
25752,1.0
25753,1.0
25754,0.00043915538
25755,0.9999973
25756,1.0
25757,1.0
25758,2.8558611e-08
25759,3.9366087e-11
25760,1.29830174e-11
25761,1.0
25762,1.0
25763,0.9997438
25764,0.99999225
25765,2.081073e-11
25766,6.185091e-11
25767,1.0
25768,1.0
25769,1.0
25770,1.7492302e-07
25771,1.9871366e-12
25772,1.0
25773,4.1619913e-14
25774,1.4450725e-13
25775,2.3307168e-12
25776,1.551723e-14
25777,4.8202722e-15
25778,9.612626e-10
25779,8.7471886e-14
25780,1.0
25781,1.0591191e-16
25782,1.0
25783,0.9999999
25784,1.8160011e-13
25785,4.8314094e-15
25786,8.291137e-18
25787,1.0
25788,0.99998343
25789,1.0
25790,1.043481e-08
25791,0.99999905
25792,3.128447e-16
25793,0.9999999
25794,2.8233302e-17
25795,1.4091469e-09
25796,1.6215098e-07
25797,0.99999964
25798,1.1320933e-07
25799,0.99999946
25800,1.0
25801,8.280215e-11
25802,1.0
25803,8.087732e-09
25804,2.990267e-17
25805,7.781e-16
25806,8.241749e-08
25807,1.0
25808,0.99999803
25809,3.5823375e-09
25810,1.0
25811,0.9999999
25812,0.0086989375
25813,2.2514985e-15
25814,1.0
25815,0.028619688
25816,1.35339305e-14
25817,1.0
25818,0.9999999
25819,1.0
25820,0.99997133
25821,1.1180814e-08
25822,1.0
25823,4.8904585e-11
25824,1.0
25825,1.0
25826,1.0
25827,2.836958e-15
25828,6.1384994e-06
25829,4.4291194e-12
25830,2.7579504e-16
25831,0.99999994
25832,3.591003e-14
25833,2.7800826e-14
25834,3.270221e-09
25835,2.8769617e-10
25836,0.9861582
25837,3.828914e-18
25838,1.5782701e-15
25839,1.384756e-10
25840,1.6341517e-10
25841,6.725218e-16
25842,1.0
25843,1.0
25844,0.99999994
25845,1.0
25846,1.0
25847,1.0617173e-14
25848,1.6485365e-18
25849,1.0
25850,0.9937986
25851,5.857002e-14
25852,2.958728e-10
25853,1.0
25854,1.0181244e-10
25855,8.273832e-12
25856,4.17111e-12
25857,0.9999982
25858,6.4224884e-12
25859,2.6781204e-11
25860,5.4237345e-15
25861,1.0
25862,2.0485802e-13
25863,1.0
25864,7.794818e-15
25865,2.0712888e-14
25866,1.0
25867,1.0
25868,1.3069225e-12
25869,1.0
25870,4.2031252e-13
25871,1.0
25872,1.0669125e-13
25873,0.9999983
25874,1.0
25875,0.99998796
25876,4.953425e-10
25877,2.0819624e-11
25878,1.3947844e-07
25879,0.99999994
25880,6.7955407e-13
25881,1.4077903e-09
25882,2.2828733e-13
25883,1.52916e-08
25884,8.42686e-11
25885,1.0
25886,0.99999994
25887,0.99999964
25888,0.99998385
25889,0.017321289
25890,1.0
25891,0.99999905
25892,1.0
25893,9.904064e-07
25894,3.0665436e-07
25895,0.9999999
25896,1.0
25897,1.4217463e-13
25898,1.0
25899,0.99999994
25900,1.0
25901,8.1010556e-13
25902,1.0
25903,2.452613e-11
25904,1.1364467e-12
25905,0.9999998
25906,4.293662e-19
25907,2.4168325e-11
25908,1.0
25909,1.0
25910,4.2651866e-14
25911,8.922604e-14
25912,1.0
25913,0.00017686265
25914,7.0593555e-06
25915,0.99999833
25916,1.0
25917,0.9999983
25918,1.0
25919,0.9999995
25920,0.99999994
25921,0.9999979
25922,1.0
25923,0.34497842
25924,8.779874e-12
25925,1.0980052e-10
25926,8.6630453e-13
25927,0.9999981
25928,5.397069e-11
25929,1.0
25930,2.9056643e-11
25931,1.7317448e-06
25932,2.6024393e-08
25933,2.7567528e-15
25934,0.99999845
25935,1.0
25936,0.99999785
25937,1.0
25938,1.9936721e-14
25939,0.00026460038
25940,0.9999999
25941,0.9999988
25942,4.054182e-17
25943,1.0
25944,1.0
25945,1.0
25946,0.9999824
25947,1.0
25948,0.06672078
25949,4.9553216e-11
25950,1.0
25951,1.0
25952,1.0
25953,2.7427165e-16
25954,1.0
25955,4.780533e-12
25956,9.293567e-06
25957,0.0016227807
25958,0.99999833
25959,3.455531e-09
25960,1.4754148e-11
25961,1.0
25962,4.0271666e-14
25963,0.9999994
25964,1.3083209e-13
25965,5.5495067e-11
25966,1.5802988e-17
25967,1.0
25968,6.106356e-11
25969,7.103778e-11
25970,0.99999976
25971,2.7989095e-08
25972,0.9999043
25973,3.856176e-06
25974,1.0
25975,7.181758e-19
25976,8.630012e-09
25977,6.0537027e-06
25978,4.4375902e-13
25979,1.0147984e-16
25980,2.3431965e-06
25981,1.0
25982,0.00023343034
25983,8.0387445e-14
25984,7.2675664e-11
25985,1.4885359e-11
25986,0.99999994
25987,1.023903e-09
25988,7.041607e-10
25989,1.0
25990,4.7432347e-14
25991,1.8833464e-09
25992,0.9999999
25993,4.7373065e-13
25994,2.976984e-10
25995,2.9441757e-14
25996,7.041059e-13
25997,3.791834e-11
25998,0.9999977
25999,0.038386356
